Cancer_Label,Sex,Period,Age_Group,Age_Group_Sort,Total_Cases,Total_Population,Rate_per_100k
Bladder,Male,1993-1997,0-4,1,0,654595,0.0
Bladder,Male,1993-1997,5-9,2,0,797660,0.0
Bladder,Male,1993-1997,10-14,3,1,615965,0.16234688659258237
Bladder,Male,1993-1997,15-19,4,0,665315,0.0
Bladder,Male,1993-1997,20-24,5,2,721845,0.2770677915619004
Bladder,Male,1993-1997,25-29,6,1,658605,0.15183607777043903
Bladder,Male,1993-1997,30-34,7,2,603600,0.3313452617627568
Bladder,Male,1993-1997,35-39,8,7,576945,1.2132872284186533
Bladder,Male,1993-1997,40-44,9,4,483375,0.8275148694078097
Bladder,Male,1993-1997,45-49,10,9,355980,2.5282319231417496
Bladder,Male,1993-1997,50-54,11,12,243975,4.918536735321243
Bladder,Male,1993-1997,55-59,12,14,145090,9.649183265559309
Bladder,Male,1993-1997,60-64,13,25,160220,15.603545125452502
Bladder,Male,1993-1997,65-69,14,15,86120,17.417556897352533
Bladder,Male,1993-1997,70-74,15,23,67385,34.132225272686796
Bladder,Male,1993-1997,75-79,16,9,29310,30.706243602865918
Bladder,Male,1998-2002,0-4,1,0,837385,0.0
Bladder,Male,1998-2002,5-9,2,0,846900,0.0
Bladder,Male,1998-2002,10-14,3,0,946070,0.0
Bladder,Male,1998-2002,15-19,4,0,950555,0.0
Bladder,Male,1998-2002,20-24,5,0,1059265,0.0
Bladder,Male,1998-2002,25-29,6,0,954795,0.0
Bladder,Male,1998-2002,30-34,7,6,813295,0.7377396885508949
Bladder,Male,1998-2002,35-39,8,5,689670,0.724984412835124
Bladder,Male,1998-2002,40-44,9,8,589150,1.3578884834083
Bladder,Male,1998-2002,45-49,10,10,463275,2.1585451405752525
Bladder,Male,1998-2002,50-54,11,16,379430,4.216851593179243
Bladder,Male,1998-2002,55-59,12,15,247215,6.067592985862508
Bladder,Male,1998-2002,60-64,13,23,205510,11.19166950513357
Bladder,Male,1998-2002,65-69,14,26,147085,17.676853520073426
Bladder,Male,1998-2002,70-74,15,26,104545,24.869673346405854
Bladder,Male,1998-2002,75-79,16,14,54630,25.626944902068463
Bladder,Male,2003-2007,0-4,1,1,951909,0.10505205854761326
Bladder,Male,2003-2007,5-9,2,0,912393,0.0
Bladder,Male,2003-2007,10-14,3,0,1103733,0.0
Bladder,Male,2003-2007,15-19,4,0,1124183,0.0
Bladder,Male,2003-2007,20-24,5,0,1258508,0.0
Bladder,Male,2003-2007,25-29,6,1,1130162,0.08848289006354841
Bladder,Male,2003-2007,30-34,7,4,953709,0.4194151465488949
Bladder,Male,2003-2007,35-39,8,4,799027,0.5006088655327041
Bladder,Male,2003-2007,40-44,9,7,690338,1.0139960425183026
Bladder,Male,2003-2007,45-49,10,17,548984,3.096629409964589
Bladder,Male,2003-2007,50-54,11,15,458670,3.270325070311989
Bladder,Male,2003-2007,55-59,12,17,295689,5.749283875964273
Bladder,Male,2003-2007,60-64,13,33,236778,13.937105643260775
Bladder,Male,2003-2007,65-69,14,35,178871,19.567174108715218
Bladder,Male,2003-2007,70-74,15,48,125967,38.105218033294435
Bladder,Male,2003-2007,75-79,16,30,130948,22.90985734795491
Bladder,Male,2008-2011,0-4,1,0,998887,0.0
Bladder,Male,2008-2011,5-9,2,0,807911,0.0
Bladder,Male,2008-2011,10-14,3,0,1245851,0.0
Bladder,Male,2008-2011,15-19,4,1,1270231,0.07872583805622757
Bladder,Male,2008-2011,20-24,5,1,1437551,0.0695627494259334
Bladder,Male,2008-2011,25-29,6,0,1271128,0.0
Bladder,Male,2008-2011,30-34,7,4,1026110,0.38982175400298213
Bladder,Male,2008-2011,35-39,8,5,810974,0.6165425771972961
Bladder,Male,2008-2011,40-44,9,5,720791,0.6936823572991339
Bladder,Male,2008-2011,45-49,10,10,596503,1.6764375032480976
Bladder,Male,2008-2011,50-54,11,12,537176,2.2339047165174915
Bladder,Male,2008-2011,55-59,12,25,345999,7.225454408827772
Bladder,Male,2008-2011,60-64,13,21,243451,8.625965800099404
Bladder,Male,2008-2011,65-69,14,27,210311,12.838130197659657
Bladder,Male,2008-2011,70-74,15,19,131185,14.48336318938903
Bladder,Male,2008-2011,75-79,16,23,172552,13.329315220918911
Bladder,Male,2013-2017,0-4,1,0,1197333,0.0
Bladder,Male,2013-2017,5-9,2,0,1112778,0.0
Bladder,Male,2013-2017,10-14,3,0,1031264,0.0
Bladder,Male,2013-2017,15-19,4,0,1142065,0.0
Bladder,Male,2013-2017,20-24,5,1,1686156,0.05930649358659578
Bladder,Male,2013-2017,25-29,6,4,1790878,0.22335413132552862
Bladder,Male,2013-2017,30-34,7,2,1506026,0.13279983214101218
Bladder,Male,2013-2017,35-39,8,5,1224909,0.40819358825839314
Bladder,Male,2013-2017,40-44,9,9,964181,0.9334346974271428
Bladder,Male,2013-2017,45-49,10,7,760050,0.9209920399973686
Bladder,Male,2013-2017,50-54,11,17,641815,2.648738343603686
Bladder,Male,2013-2017,55-59,12,46,536567,8.573020703845
Bladder,Male,2013-2017,60-64,13,57,456396,12.489154155601714
Bladder,Male,2013-2017,65-69,14,54,299347,18.039265467834987
Bladder,Male,2013-2017,70-74,15,74,197559,37.45716469510374
Bladder,Male,2013-2017,75-79,16,46,237704,19.3517988759129
Breast,Female,1993-1997,0-4,1,1,643220,0.1554678026180778
Breast,Female,1993-1997,5-9,2,0,725190,0.0
Breast,Female,1993-1997,10-14,3,4,608940,0.6568791670772162
Breast,Female,1993-1997,15-19,4,4,598555,0.6682760982700002
Breast,Female,1993-1997,20-24,5,4,704920,0.5674402769108551
Breast,Female,1993-1997,25-29,6,26,637700,4.077152265955778
Breast,Female,1993-1997,30-34,7,60,556745,10.77692660014908
Breast,Female,1993-1997,35-39,8,92,530755,17.33379808009345
Breast,Female,1993-1997,40-44,9,149,364390,40.89025494662312
Breast,Female,1993-1997,45-49,10,158,242000,65.28925619834712
Breast,Female,1993-1997,50-54,11,174,177085,98.25789874918823
Breast,Female,1993-1997,55-59,12,97,147355,65.82742356893218
Breast,Female,1993-1997,60-64,13,115,156375,73.54116706634693
Breast,Female,1993-1997,65-69,14,107,91160,117.37604212373849
Breast,Female,1993-1997,70-74,15,67,65790,101.83918528651772
Breast,Female,1993-1997,75-79,16,41,33340,122.9754049190162
Breast,Female,1998-2002,0-4,1,1,756655,0.13216062802730438
Breast,Female,1998-2002,5-9,2,1,778730,0.12841421288508212
Breast,Female,1998-2002,10-14,3,0,870590,0.0
Breast,Female,1998-2002,15-19,4,4,798260,0.5010898704682685
Breast,Female,1998-2002,20-24,5,7,912800,0.7668711656441718
Breast,Female,1998-2002,25-29,6,25,880815,2.8382804561684347
Breast,Female,1998-2002,30-34,7,71,713015,9.957714774583986
Breast,Female,1998-2002,35-39,8,114,654240,17.424798239178283
Breast,Female,1998-2002,40-44,9,192,485225,39.56927198722242
Breast,Female,1998-2002,45-49,10,218,419695,51.942482040529434
Breast,Female,1998-2002,50-54,11,232,311145,74.56330649697087
Breast,Female,1998-2002,55-59,12,179,226335,79.0863101155367
Breast,Female,1998-2002,60-64,13,184,209555,87.80511083009233
Breast,Female,1998-2002,65-69,14,156,168525,92.56786826880285
Breast,Female,1998-2002,70-74,15,95,111500,85.20179372197309
Breast,Female,1998-2002,75-79,16,58,56570,102.52784161216192
Breast,Female,2003-2007,0-4,1,1,841379,0.11885250285543139
Breast,Female,2003-2007,5-9,2,1,842661,0.11867168410547065
Breast,Female,2003-2007,10-14,3,1,1005738,0.09942947368002403
Breast,Female,2003-2007,15-19,4,1,930824,0.10743169492836455
Breast,Female,2003-2007,20-24,5,8,1062940,0.7526294993132256
Breast,Female,2003-2007,25-29,6,25,1034593,2.4164091579973963
Breast,Female,2003-2007,30-34,7,58,842246,6.886349118903504
Breast,Female,2003-2007,35-39,8,133,773050,17.204579263954468
Breast,Female,2003-2007,40-44,9,202,579958,34.83010838715907
Breast,Female,2003-2007,45-49,10,247,513620,48.090027646898484
Breast,Female,2003-2007,50-54,11,251,377656,66.46260088546191
Breast,Female,2003-2007,55-59,12,217,269642,80.47707701322494
Breast,Female,2003-2007,60-64,13,210,244715,85.81411029156367
Breast,Female,2003-2007,65-69,14,170,210595,80.7236639046511
Breast,Female,2003-2007,70-74,15,130,136640,95.14051522248243
Breast,Female,2003-2007,75-79,16,65,141402,45.96823241538309
Breast,Female,2008-2011,0-4,1,0,829911,0.0
Breast,Female,2008-2011,5-9,2,0,761063,0.0
Breast,Female,2008-2011,10-14,3,0,1094154,0.0
Breast,Female,2008-2011,15-19,4,0,1006524,0.0
Breast,Female,2008-2011,20-24,5,8,1128163,0.7091173881788359
Breast,Female,2008-2011,25-29,6,35,1115926,3.1364086865974983
Breast,Female,2008-2011,30-34,7,72,901495,7.986733148825007
Breast,Female,2008-2011,35-39,8,103,804982,12.795317162371333
Breast,Female,2008-2011,40-44,9,200,637887,31.353515591319468
Breast,Female,2008-2011,45-49,10,259,618364,41.88471515159356
Breast,Female,2008-2011,50-54,11,287,452736,63.39235227594006
Breast,Female,2008-2011,55-59,12,265,301253,87.96592897000195
Breast,Female,2008-2011,60-64,13,240,259687,92.41895050580122
Breast,Female,2008-2011,65-69,14,180,256286,70.23403541356141
Breast,Female,2008-2011,70-74,15,119,160934,73.943355661327
Breast,Female,2008-2011,75-79,16,93,186746,49.80026345945831
Breast,Female,2013-2017,0-4,1,0,1074305,0.0
Breast,Female,2013-2017,5-9,2,0,963313,0.0
Breast,Female,2013-2017,10-14,3,0,907697,0.0
Breast,Female,2013-2017,15-19,4,0,996311,0.0
Breast,Female,2013-2017,20-24,5,18,1541215,1.167909733554371
Breast,Female,2013-2017,25-29,6,53,1650504,3.211140354703775
Breast,Female,2013-2017,30-34,7,130,1297818,10.016812835081653
Breast,Female,2013-2017,35-39,8,255,1062421,24.001784603278736
Breast,Female,2013-2017,40-44,9,377,877902,42.943289797722294
Breast,Female,2013-2017,45-49,10,507,736162,68.87071052295555
Breast,Female,2013-2017,50-54,11,490,610618,80.24656986855939
Breast,Female,2013-2017,55-59,12,492,513842,95.74927701511359
Breast,Female,2013-2017,60-64,13,503,439699,114.39643938239568
Breast,Female,2013-2017,65-69,14,427,273122,156.3403900088605
Breast,Female,2013-2017,70-74,15,267,193940,137.6714447767351
Breast,Female,2013-2017,75-79,16,161,261372,61.59802886307639
Cervix uteri,Female,1993-1997,0-4,1,1,643220,0.1554678026180778
Cervix uteri,Female,1993-1997,5-9,2,0,725190,0.0
Cervix uteri,Female,1993-1997,10-14,3,2,608940,0.3284395835386081
Cervix uteri,Female,1993-1997,15-19,4,1,598555,0.16706902456750006
Cervix uteri,Female,1993-1997,20-24,5,12,704920,1.7023208307325652
Cervix uteri,Female,1993-1997,25-29,6,19,637700,2.9794574251215304
Cervix uteri,Female,1993-1997,30-34,7,56,556745,10.058464826805809
Cervix uteri,Female,1993-1997,35-39,8,111,530755,20.91360420533014
Cervix uteri,Female,1993-1997,40-44,9,126,364390,34.57833639781553
Cervix uteri,Female,1993-1997,45-49,10,143,242000,59.09090909090909
Cervix uteri,Female,1993-1997,50-54,11,131,177085,73.97577434565322
Cervix uteri,Female,1993-1997,55-59,12,95,147355,64.47015710359337
Cervix uteri,Female,1993-1997,60-64,13,119,156375,76.09912070343725
Cervix uteri,Female,1993-1997,65-69,14,83,91160,91.04870557261957
Cervix uteri,Female,1993-1997,70-74,15,50,65790,75.99939200486396
Cervix uteri,Female,1993-1997,75-79,16,19,33340,56.98860227954409
Cervix uteri,Female,1998-2002,0-4,1,1,756655,0.13216062802730438
Cervix uteri,Female,1998-2002,5-9,2,0,778730,0.0
Cervix uteri,Female,1998-2002,10-14,3,0,870590,0.0
Cervix uteri,Female,1998-2002,15-19,4,0,798260,0.0
Cervix uteri,Female,1998-2002,20-24,5,5,912800,0.5477651183172656
Cervix uteri,Female,1998-2002,25-29,6,24,880815,2.7247492379216975
Cervix uteri,Female,1998-2002,30-34,7,49,713015,6.872225689501623
Cervix uteri,Female,1998-2002,35-39,8,90,654240,13.75641966250917
Cervix uteri,Female,1998-2002,40-44,9,140,485225,28.85259415734968
Cervix uteri,Female,1998-2002,45-49,10,162,419695,38.59945913103563
Cervix uteri,Female,1998-2002,50-54,11,158,311145,50.78018287293705
Cervix uteri,Female,1998-2002,55-59,12,129,226335,56.99516203857114
Cervix uteri,Female,1998-2002,60-64,13,137,209555,65.37663143327526
Cervix uteri,Female,1998-2002,65-69,14,113,168525,67.05236611778668
Cervix uteri,Female,1998-2002,70-74,15,68,111500,60.9865470852018
Cervix uteri,Female,1998-2002,75-79,16,26,56570,45.96075658476224
Cervix uteri,Female,2003-2007,0-4,1,0,841379,0.0
Cervix uteri,Female,2003-2007,5-9,2,1,842661,0.11867168410547065
Cervix uteri,Female,2003-2007,10-14,3,0,1005738,0.0
Cervix uteri,Female,2003-2007,15-19,4,1,930824,0.10743169492836455
Cervix uteri,Female,2003-2007,20-24,5,3,1062940,0.2822360622424596
Cervix uteri,Female,2003-2007,25-29,6,12,1034593,1.1598763958387501
Cervix uteri,Female,2003-2007,30-34,7,28,842246,3.324444402229277
Cervix uteri,Female,2003-2007,35-39,8,76,773050,9.831188150831125
Cervix uteri,Female,2003-2007,40-44,9,106,579958,18.277185589301293
Cervix uteri,Female,2003-2007,45-49,10,144,513620,28.03629142167361
Cervix uteri,Female,2003-2007,50-54,11,144,377656,38.12993835659965
Cervix uteri,Female,2003-2007,55-59,12,133,269642,49.3246601048798
Cervix uteri,Female,2003-2007,60-64,13,139,244715,56.80076824060642
Cervix uteri,Female,2003-2007,65-69,14,104,210595,49.38388850637479
Cervix uteri,Female,2003-2007,70-74,15,63,136640,46.10655737704918
Cervix uteri,Female,2003-2007,75-79,16,37,141402,26.1665322979873
Cervix uteri,Female,2008-2011,0-4,1,0,829911,0.0
Cervix uteri,Female,2008-2011,5-9,2,0,761063,0.0
Cervix uteri,Female,2008-2011,10-14,3,0,1094154,0.0
Cervix uteri,Female,2008-2011,15-19,4,0,1006524,0.0
Cervix uteri,Female,2008-2011,20-24,5,2,1128163,0.17727934704470896
Cervix uteri,Female,2008-2011,25-29,6,10,1115926,0.8961167675992853
Cervix uteri,Female,2008-2011,30-34,7,18,901495,1.9966832872062517
Cervix uteri,Female,2008-2011,35-39,8,62,804982,7.702035573466239
Cervix uteri,Female,2008-2011,40-44,9,99,637887,15.519990217703137
Cervix uteri,Female,2008-2011,45-49,10,110,618364,17.78887516090846
Cervix uteri,Female,2008-2011,50-54,11,128,452736,28.27254735651682
Cervix uteri,Female,2008-2011,55-59,12,114,301253,37.841946802189526
Cervix uteri,Female,2008-2011,60-64,13,128,259687,49.290106936427314
Cervix uteri,Female,2008-2011,65-69,14,89,256286,34.726828621149814
Cervix uteri,Female,2008-2011,70-74,15,66,160934,41.010600618887246
Cervix uteri,Female,2008-2011,75-79,16,29,186746,15.529114412089148
Cervix uteri,Female,2013-2017,0-4,1,0,1074305,0.0
Cervix uteri,Female,2013-2017,5-9,2,0,963313,0.0
Cervix uteri,Female,2013-2017,10-14,3,0,907697,0.0
Cervix uteri,Female,2013-2017,15-19,4,0,996311,0.0
Cervix uteri,Female,2013-2017,20-24,5,2,1541215,0.1297677481727079
Cervix uteri,Female,2013-2017,25-29,6,7,1650504,0.4241128770363477
Cervix uteri,Female,2013-2017,30-34,7,13,1297818,1.0016812835081652
Cervix uteri,Female,2013-2017,35-39,8,45,1062421,4.235609047637424
Cervix uteri,Female,2013-2017,40-44,9,117,877902,13.327227868258642
Cervix uteri,Female,2013-2017,45-49,10,179,736162,24.315300164909353
Cervix uteri,Female,2013-2017,50-54,11,171,610618,28.00441519902787
Cervix uteri,Female,2013-2017,55-59,12,151,513842,29.38646510016698
Cervix uteri,Female,2013-2017,60-64,13,204,439699,46.39537501790998
Cervix uteri,Female,2013-2017,65-69,14,142,273122,51.99141775470302
Cervix uteri,Female,2013-2017,70-74,15,74,193940,38.15613076209137
Cervix uteri,Female,2013-2017,75-79,16,39,261372,14.92126165006198
Colon,Female,1993-1997,0-4,1,0,643220,0.0
Colon,Female,1993-1997,5-9,2,0,725190,0.0
Colon,Female,1993-1997,10-14,3,0,608940,0.0
Colon,Female,1993-1997,15-19,4,0,598555,0.0
Colon,Female,1993-1997,20-24,5,0,704920,0.0
Colon,Female,1993-1997,25-29,6,5,637700,0.7840677434530343
Colon,Female,1993-1997,30-34,7,3,556745,0.538846330007454
Colon,Female,1993-1997,35-39,8,4,530755,0.7536433947866717
Colon,Female,1993-1997,40-44,9,5,364390,1.3721562062625208
Colon,Female,1993-1997,45-49,10,9,242000,3.71900826446281
Colon,Female,1993-1997,50-54,11,8,177085,4.517604540192563
Colon,Female,1993-1997,55-59,12,13,147355,8.82223202470225
Colon,Female,1993-1997,60-64,13,14,156375,8.952837729816146
Colon,Female,1993-1997,65-69,14,15,91160,16.45458534444932
Colon,Female,1993-1997,70-74,15,9,65790,13.679890560875513
Colon,Female,1993-1997,75-79,16,6,33340,17.996400719856027
Colon,Male,1993-1997,0-4,1,0,654595,0.0
Colon,Male,1993-1997,5-9,2,0,797660,0.0
Colon,Male,1993-1997,10-14,3,0,615965,0.0
Colon,Male,1993-1997,15-19,4,0,665315,0.0
Colon,Male,1993-1997,20-24,5,2,721845,0.2770677915619004
Colon,Male,1993-1997,25-29,6,3,658605,0.4555082333113171
Colon,Male,1993-1997,30-34,7,6,603600,0.9940357852882704
Colon,Male,1993-1997,35-39,8,7,576945,1.2132872284186533
Colon,Male,1993-1997,40-44,9,5,483375,1.0343935867597622
Colon,Male,1993-1997,45-49,10,10,355980,2.8091465812686103
Colon,Male,1993-1997,50-54,11,16,243975,6.558048980428323
Colon,Male,1993-1997,55-59,12,18,145090,12.406092770004824
Colon,Male,1993-1997,60-64,13,16,160220,9.986268880289602
Colon,Male,1993-1997,65-69,14,11,86120,12.772875058058522
Colon,Male,1993-1997,70-74,15,13,67385,19.292127328040365
Colon,Male,1993-1997,75-79,16,15,29310,51.17707267144319
Colon,Female,1998-2002,0-4,1,0,756655,0.0
Colon,Female,1998-2002,5-9,2,0,778730,0.0
Colon,Female,1998-2002,10-14,3,0,870590,0.0
Colon,Female,1998-2002,15-19,4,0,798260,0.0
Colon,Female,1998-2002,20-24,5,2,912800,0.21910604732690622
Colon,Female,1998-2002,25-29,6,3,880815,0.3405936547402122
Colon,Female,1998-2002,30-34,7,6,713015,0.8414970232042803
Colon,Female,1998-2002,35-39,8,4,654240,0.6113964294448521
Colon,Female,1998-2002,40-44,9,5,485225,1.0304497913339172
Colon,Female,1998-2002,45-49,10,12,419695,2.859219194891528
Colon,Female,1998-2002,50-54,11,16,311145,5.142296999791094
Colon,Female,1998-2002,55-59,12,11,226335,4.860052576932423
Colon,Female,1998-2002,60-64,13,23,209555,10.975638853761541
Colon,Female,1998-2002,65-69,14,19,168525,11.274291648123423
Colon,Female,1998-2002,70-74,15,19,111500,17.040358744394617
Colon,Female,1998-2002,75-79,16,13,56570,22.98037829238112
Colon,Male,1998-2002,0-4,1,0,837385,0.0
Colon,Male,1998-2002,5-9,2,0,846900,0.0
Colon,Male,1998-2002,10-14,3,0,946070,0.0
Colon,Male,1998-2002,15-19,4,2,950555,0.21040339591081003
Colon,Male,1998-2002,20-24,5,0,1059265,0.0
Colon,Male,1998-2002,25-29,6,6,954795,0.6284071449892386
Colon,Male,1998-2002,30-34,7,4,813295,0.4918264590339299
Colon,Male,1998-2002,35-39,8,6,689670,0.8699812954021487
Colon,Male,1998-2002,40-44,9,7,589150,1.1881524229822626
Colon,Male,1998-2002,45-49,10,9,463275,1.9426906265177268
Colon,Male,1998-2002,50-54,11,22,379430,5.798170940621459
Colon,Male,1998-2002,55-59,12,10,247215,4.045061990575006
Colon,Male,1998-2002,60-64,13,23,205510,11.19166950513357
Colon,Male,1998-2002,65-69,14,18,147085,12.237821667743143
Colon,Male,1998-2002,70-74,15,11,104545,10.521784877325553
Colon,Male,1998-2002,75-79,16,16,54630,29.28793703093538
Colon,Female,2003-2007,0-4,1,0,841379,0.0
Colon,Female,2003-2007,5-9,2,0,842661,0.0
Colon,Female,2003-2007,10-14,3,0,1005738,0.0
Colon,Female,2003-2007,15-19,4,2,930824,0.2148633898567291
Colon,Female,2003-2007,20-24,5,3,1062940,0.2822360622424596
Colon,Female,2003-2007,25-29,6,6,1034593,0.5799381979193751
Colon,Female,2003-2007,30-34,7,2,842246,0.23746031444494842
Colon,Female,2003-2007,35-39,8,9,773050,1.164219649440528
Colon,Female,2003-2007,40-44,9,5,579958,0.8621313957217592
Colon,Female,2003-2007,45-49,10,15,513620,2.920447023091001
Colon,Female,2003-2007,50-54,11,12,377656,3.1774948630499713
Colon,Female,2003-2007,55-59,12,14,269642,5.19206948472419
Colon,Female,2003-2007,60-64,13,26,244715,10.624604131336453
Colon,Female,2003-2007,65-69,14,16,210595,7.597521308673046
Colon,Female,2003-2007,70-74,15,18,136640,13.173302107728338
Colon,Female,2003-2007,75-79,16,14,141402,9.900850058697896
Colon,Male,2003-2007,0-4,1,0,951909,0.0
Colon,Male,2003-2007,5-9,2,0,912393,0.0
Colon,Male,2003-2007,10-14,3,0,1103733,0.0
Colon,Male,2003-2007,15-19,4,0,1124183,0.0
Colon,Male,2003-2007,20-24,5,1,1258508,0.07945916911136044
Colon,Male,2003-2007,25-29,6,6,1130162,0.5308973403812904
Colon,Male,2003-2007,30-34,7,5,953709,0.5242689331861187
Colon,Male,2003-2007,35-39,8,10,799027,1.2515221638317604
Colon,Male,2003-2007,40-44,9,13,690338,1.8831355075339906
Colon,Male,2003-2007,45-49,10,17,548984,3.096629409964589
Colon,Male,2003-2007,50-54,11,21,458670,4.578455098436785
Colon,Male,2003-2007,55-59,12,20,295689,6.76386338348738
Colon,Male,2003-2007,60-64,13,33,236778,13.937105643260775
Colon,Male,2003-2007,65-69,14,26,178871,14.535615052188447
Colon,Male,2003-2007,70-74,15,31,125967,24.60961997983599
Colon,Male,2003-2007,75-79,16,20,130948,15.273238231969943
Colon,Female,2008-2011,0-4,1,0,829911,0.0
Colon,Female,2008-2011,5-9,2,0,761063,0.0
Colon,Female,2008-2011,10-14,3,0,1094154,0.0
Colon,Female,2008-2011,15-19,4,0,1006524,0.0
Colon,Female,2008-2011,20-24,5,2,1128163,0.17727934704470896
Colon,Female,2008-2011,25-29,6,2,1115926,0.17922335351985705
Colon,Female,2008-2011,30-34,7,3,901495,0.3327805478677086
Colon,Female,2008-2011,35-39,8,3,804982,0.37267914065159224
Colon,Female,2008-2011,40-44,9,8,637887,1.2541406236527786
Colon,Female,2008-2011,45-49,10,5,618364,0.8085852345867484
Colon,Female,2008-2011,50-54,11,11,452736,2.4296720384506645
Colon,Female,2008-2011,55-59,12,21,301253,6.9708849372454385
Colon,Female,2008-2011,60-64,13,14,259687,5.391105446171737
Colon,Female,2008-2011,65-69,14,17,256286,6.633214455725244
Colon,Female,2008-2011,70-74,15,26,160934,16.155691152894974
Colon,Female,2008-2011,75-79,16,14,186746,7.496813854112003
Colon,Male,2008-2011,0-4,1,0,998887,0.0
Colon,Male,2008-2011,5-9,2,0,807911,0.0
Colon,Male,2008-2011,10-14,3,0,1245851,0.0
Colon,Male,2008-2011,15-19,4,4,1270231,0.3149033522249103
Colon,Male,2008-2011,20-24,5,1,1437551,0.0695627494259334
Colon,Male,2008-2011,25-29,6,3,1271128,0.23601085020548676
Colon,Male,2008-2011,30-34,7,4,1026110,0.38982175400298213
Colon,Male,2008-2011,35-39,8,7,810974,0.8631596080762145
Colon,Male,2008-2011,40-44,9,13,720791,1.8035741289777478
Colon,Male,2008-2011,45-49,10,12,596503,2.011725003897717
Colon,Male,2008-2011,50-54,11,17,537176,3.1646983483997793
Colon,Male,2008-2011,55-59,12,26,345999,7.514472585180882
Colon,Male,2008-2011,60-64,13,32,243451,13.14432883824671
Colon,Male,2008-2011,65-69,14,36,210311,17.117506930212876
Colon,Male,2008-2011,70-74,15,29,131185,22.106185920646414
Colon,Male,2008-2011,75-79,16,25,172552,14.48838610969447
Colon,Female,2013-2017,0-4,1,0,1074305,0.0
Colon,Female,2013-2017,5-9,2,0,963313,0.0
Colon,Female,2013-2017,10-14,3,0,907697,0.0
Colon,Female,2013-2017,15-19,4,0,996311,0.0
Colon,Female,2013-2017,20-24,5,3,1541215,0.19465162225906185
Colon,Female,2013-2017,25-29,6,5,1650504,0.30293776931167693
Colon,Female,2013-2017,30-34,7,5,1297818,0.3852620321185251
Colon,Female,2013-2017,35-39,8,12,1062421,1.1294957460366464
Colon,Female,2013-2017,40-44,9,12,877902,1.3668951659752455
Colon,Female,2013-2017,45-49,10,23,736162,3.1243123116922633
Colon,Female,2013-2017,50-54,11,21,610618,3.4391387086525453
Colon,Female,2013-2017,55-59,12,32,513842,6.227595253015519
Colon,Female,2013-2017,60-64,13,55,439699,12.50855699012279
Colon,Female,2013-2017,65-69,14,50,273122,18.30683723757149
Colon,Female,2013-2017,70-74,15,42,193940,21.656182324430237
Colon,Female,2013-2017,75-79,16,21,261372,8.034525503879527
Colon,Male,2013-2017,0-4,1,0,1197333,0.0
Colon,Male,2013-2017,5-9,2,0,1112778,0.0
Colon,Male,2013-2017,10-14,3,0,1031264,0.0
Colon,Male,2013-2017,15-19,4,0,1142065,0.0
Colon,Male,2013-2017,20-24,5,5,1686156,0.29653246793297894
Colon,Male,2013-2017,25-29,6,4,1790878,0.22335413132552862
Colon,Male,2013-2017,30-34,7,13,1506026,0.8631989089165791
Colon,Male,2013-2017,35-39,8,14,1224909,1.1429420471235006
Colon,Male,2013-2017,40-44,9,16,964181,1.6594394620926984
Colon,Male,2013-2017,45-49,10,25,760050,3.2892572857048874
Colon,Male,2013-2017,50-54,11,51,641815,7.94621503081106
Colon,Male,2013-2017,55-59,12,38,536567,7.082060581437173
Colon,Male,2013-2017,60-64,13,66,456396,14.461125864380934
Colon,Male,2013-2017,65-69,14,72,299347,24.052353957113315
Colon,Male,2013-2017,70-74,15,47,197559,23.790361360403725
Colon,Male,2013-2017,75-79,16,44,237704,18.5104163160906
Corpus uteri,Female,1993-1997,0-4,1,0,643220,0.0
Corpus uteri,Female,1993-1997,5-9,2,1,725190,0.13789489650988015
Corpus uteri,Female,1993-1997,10-14,3,0,608940,0.0
Corpus uteri,Female,1993-1997,15-19,4,0,598555,0.0
Corpus uteri,Female,1993-1997,20-24,5,0,704920,0.0
Corpus uteri,Female,1993-1997,25-29,6,0,637700,0.0
Corpus uteri,Female,1993-1997,30-34,7,1,556745,0.17961544333581803
Corpus uteri,Female,1993-1997,35-39,8,4,530755,0.7536433947866717
Corpus uteri,Female,1993-1997,40-44,9,9,364390,2.4698811712725375
Corpus uteri,Female,1993-1997,45-49,10,9,242000,3.71900826446281
Corpus uteri,Female,1993-1997,50-54,11,10,177085,5.647005675240703
Corpus uteri,Female,1993-1997,55-59,12,20,147355,13.572664653388076
Corpus uteri,Female,1993-1997,60-64,13,16,156375,10.23181454836131
Corpus uteri,Female,1993-1997,65-69,14,6,91160,6.581834137779729
Corpus uteri,Female,1993-1997,70-74,15,9,65790,13.679890560875513
Corpus uteri,Female,1993-1997,75-79,16,6,33340,17.996400719856027
Corpus uteri,Female,1998-2002,0-4,1,0,756655,0.0
Corpus uteri,Female,1998-2002,5-9,2,0,778730,0.0
Corpus uteri,Female,1998-2002,10-14,3,0,870590,0.0
Corpus uteri,Female,1998-2002,15-19,4,1,798260,0.12527246761706712
Corpus uteri,Female,1998-2002,20-24,5,0,912800,0.0
Corpus uteri,Female,1998-2002,25-29,6,0,880815,0.0
Corpus uteri,Female,1998-2002,30-34,7,1,713015,0.14024950386738005
Corpus uteri,Female,1998-2002,35-39,8,6,654240,0.917094644167278
Corpus uteri,Female,1998-2002,40-44,9,4,485225,0.8243598330671339
Corpus uteri,Female,1998-2002,45-49,10,13,419695,3.097487461132489
Corpus uteri,Female,1998-2002,50-54,11,20,311145,6.427871249738868
Corpus uteri,Female,1998-2002,55-59,12,19,226335,8.394636269246913
Corpus uteri,Female,1998-2002,60-64,13,16,209555,7.635227028703682
Corpus uteri,Female,1998-2002,65-69,14,19,168525,11.274291648123423
Corpus uteri,Female,1998-2002,70-74,15,12,111500,10.762331838565023
Corpus uteri,Female,1998-2002,75-79,16,4,56570,7.070885628424961
Corpus uteri,Female,2003-2007,0-4,1,0,841379,0.0
Corpus uteri,Female,2003-2007,5-9,2,0,842661,0.0
Corpus uteri,Female,2003-2007,10-14,3,0,1005738,0.0
Corpus uteri,Female,2003-2007,15-19,4,0,930824,0.0
Corpus uteri,Female,2003-2007,20-24,5,1,1062940,0.0940786874141532
Corpus uteri,Female,2003-2007,25-29,6,2,1034593,0.1933127326397917
Corpus uteri,Female,2003-2007,30-34,7,0,842246,0.0
Corpus uteri,Female,2003-2007,35-39,8,4,773050,0.5174309553069012
Corpus uteri,Female,2003-2007,40-44,9,7,579958,1.206983954010463
Corpus uteri,Female,2003-2007,45-49,10,11,513620,2.141661150266734
Corpus uteri,Female,2003-2007,50-54,11,28,377656,7.414154680449934
Corpus uteri,Female,2003-2007,55-59,12,28,269642,10.38413896944838
Corpus uteri,Female,2003-2007,60-64,13,21,244715,8.581411029156365
Corpus uteri,Female,2003-2007,65-69,14,23,210595,10.921436881217502
Corpus uteri,Female,2003-2007,70-74,15,22,136640,16.10070257611241
Corpus uteri,Female,2003-2007,75-79,16,10,141402,7.072035756212783
Corpus uteri,Female,2008-2011,0-4,1,0,829911,0.0
Corpus uteri,Female,2008-2011,5-9,2,0,761063,0.0
Corpus uteri,Female,2008-2011,10-14,3,0,1094154,0.0
Corpus uteri,Female,2008-2011,15-19,4,0,1006524,0.0
Corpus uteri,Female,2008-2011,20-24,5,0,1128163,0.0
Corpus uteri,Female,2008-2011,25-29,6,2,1115926,0.17922335351985705
Corpus uteri,Female,2008-2011,30-34,7,3,901495,0.3327805478677086
Corpus uteri,Female,2008-2011,35-39,8,7,804982,0.8695846615203819
Corpus uteri,Female,2008-2011,40-44,9,7,637887,1.0973730456961814
Corpus uteri,Female,2008-2011,45-49,10,20,618364,3.2343409383469934
Corpus uteri,Female,2008-2011,50-54,11,33,452736,7.289016115351993
Corpus uteri,Female,2008-2011,55-59,12,36,301253,11.950088463849323
Corpus uteri,Female,2008-2011,60-64,13,44,259687,16.94347425939689
Corpus uteri,Female,2008-2011,65-69,14,36,256286,14.046807082712283
Corpus uteri,Female,2008-2011,70-74,15,19,160934,11.806081996346329
Corpus uteri,Female,2008-2011,75-79,16,10,186746,5.35486703865143
Corpus uteri,Female,2013-2017,0-4,1,0,1074305,0.0
Corpus uteri,Female,2013-2017,5-9,2,0,963313,0.0
Corpus uteri,Female,2013-2017,10-14,3,0,907697,0.0
Corpus uteri,Female,2013-2017,15-19,4,0,996311,0.0
Corpus uteri,Female,2013-2017,20-24,5,0,1541215,0.0
Corpus uteri,Female,2013-2017,25-29,6,1,1650504,0.060587553862335386
Corpus uteri,Female,2013-2017,30-34,7,3,1297818,0.23115721927111507
Corpus uteri,Female,2013-2017,35-39,8,14,1062421,1.3177450370427541
Corpus uteri,Female,2013-2017,40-44,9,19,877902,2.1642506794608054
Corpus uteri,Female,2013-2017,45-49,10,38,736162,5.161907297578522
Corpus uteri,Female,2013-2017,50-54,11,69,610618,11.300027185572649
Corpus uteri,Female,2013-2017,55-59,12,86,513842,16.736662242479206
Corpus uteri,Female,2013-2017,60-64,13,93,439699,21.15083272875308
Corpus uteri,Female,2013-2017,65-69,14,82,273122,30.023213069617242
Corpus uteri,Female,2013-2017,70-74,15,49,193940,25.265546045168605
Corpus uteri,Female,2013-2017,75-79,16,30,261372,11.477893576970756
Larynx,Male,1993-1997,0-4,1,1,654595,0.1527662142240622
Larynx,Male,1993-1997,5-9,2,0,797660,0.0
Larynx,Male,1993-1997,10-14,3,0,615965,0.0
Larynx,Male,1993-1997,15-19,4,0,665315,0.0
Larynx,Male,1993-1997,20-24,5,0,721845,0.0
Larynx,Male,1993-1997,25-29,6,1,658605,0.15183607777043903
Larynx,Male,1993-1997,30-34,7,6,603600,0.9940357852882704
Larynx,Male,1993-1997,35-39,8,5,576945,0.8666337345847525
Larynx,Male,1993-1997,40-44,9,17,483375,3.516938194983191
Larynx,Male,1993-1997,45-49,10,22,355980,6.180122478790944
Larynx,Male,1993-1997,50-54,11,34,243975,13.935854083410186
Larynx,Male,1993-1997,55-59,12,39,145090,26.879867668343785
Larynx,Male,1993-1997,60-64,13,55,160220,34.3277992759955
Larynx,Male,1993-1997,65-69,14,52,86120,60.38086391082211
Larynx,Male,1993-1997,70-74,15,37,67385,54.9083623951918
Larynx,Male,1993-1997,75-79,16,22,29310,75.05970658478334
Larynx,Male,1998-2002,0-4,1,0,837385,0.0
Larynx,Male,1998-2002,5-9,2,0,846900,0.0
Larynx,Male,1998-2002,10-14,3,0,946070,0.0
Larynx,Male,1998-2002,15-19,4,3,950555,0.315605093866215
Larynx,Male,1998-2002,20-24,5,3,1059265,0.28321524830896894
Larynx,Male,1998-2002,25-29,6,2,954795,0.2094690483297462
Larynx,Male,1998-2002,30-34,7,3,813295,0.36886984427544744
Larynx,Male,1998-2002,35-39,8,10,689670,1.449968825670248
Larynx,Male,1998-2002,40-44,9,19,589150,3.2249851480947127
Larynx,Male,1998-2002,45-49,10,32,463275,6.907344449840807
Larynx,Male,1998-2002,50-54,11,39,379430,10.278575758374403
Larynx,Male,1998-2002,55-59,12,40,247215,16.180247962300022
Larynx,Male,1998-2002,60-64,13,60,205510,29.195659578609316
Larynx,Male,1998-2002,65-69,14,68,147085,46.23177074480743
Larynx,Male,1998-2002,70-74,15,49,104545,46.869768998995646
Larynx,Male,1998-2002,75-79,16,17,54630,31.118433095368843
Larynx,Male,2003-2007,0-4,1,0,951909,0.0
Larynx,Male,2003-2007,5-9,2,0,912393,0.0
Larynx,Male,2003-2007,10-14,3,0,1103733,0.0
Larynx,Male,2003-2007,15-19,4,0,1124183,0.0
Larynx,Male,2003-2007,20-24,5,0,1258508,0.0
Larynx,Male,2003-2007,25-29,6,3,1130162,0.2654486701906452
Larynx,Male,2003-2007,30-34,7,3,953709,0.31456135991167117
Larynx,Male,2003-2007,35-39,8,13,799027,1.6269788129812888
Larynx,Male,2003-2007,40-44,9,12,690338,1.738278930031376
Larynx,Male,2003-2007,45-49,10,19,548984,3.4609387523133646
Larynx,Male,2003-2007,50-54,11,32,458670,6.976693483332243
Larynx,Male,2003-2007,55-59,12,45,295689,15.218692612846606
Larynx,Male,2003-2007,60-64,13,51,236778,21.539163266857564
Larynx,Male,2003-2007,65-69,14,41,178871,22.9215468130664
Larynx,Male,2003-2007,70-74,15,42,125967,33.34206577913263
Larynx,Male,2003-2007,75-79,16,20,130948,15.273238231969943
Larynx,Male,2008-2011,0-4,1,0,998887,0.0
Larynx,Male,2008-2011,5-9,2,0,807911,0.0
Larynx,Male,2008-2011,10-14,3,0,1245851,0.0
Larynx,Male,2008-2011,15-19,4,0,1270231,0.0
Larynx,Male,2008-2011,20-24,5,1,1437551,0.0695627494259334
Larynx,Male,2008-2011,25-29,6,3,1271128,0.23601085020548676
Larynx,Male,2008-2011,30-34,7,2,1026110,0.19491087700149107
Larynx,Male,2008-2011,35-39,8,5,810974,0.6165425771972961
Larynx,Male,2008-2011,40-44,9,10,720791,1.3873647145982677
Larynx,Male,2008-2011,45-49,10,22,596503,3.688162507145815
Larynx,Male,2008-2011,50-54,11,25,537176,4.65396815941144
Larynx,Male,2008-2011,55-59,12,51,345999,14.739926994008652
Larynx,Male,2008-2011,60-64,13,74,243451,30.39626043844552
Larynx,Male,2008-2011,65-69,14,49,210311,23.298828877234193
Larynx,Male,2008-2011,70-74,15,42,131185,32.015855471281014
Larynx,Male,2008-2011,75-79,16,18,172552,10.431637998980017
Larynx,Male,2013-2017,0-4,1,0,1197333,0.0
Larynx,Male,2013-2017,5-9,2,0,1112778,0.0
Larynx,Male,2013-2017,10-14,3,0,1031264,0.0
Larynx,Male,2013-2017,15-19,4,1,1142065,0.0875606905036053
Larynx,Male,2013-2017,20-24,5,0,1686156,0.0
Larynx,Male,2013-2017,25-29,6,1,1790878,0.055838532831382154
Larynx,Male,2013-2017,30-34,7,1,1506026,0.06639991607050609
Larynx,Male,2013-2017,35-39,8,5,1224909,0.40819358825839314
Larynx,Male,2013-2017,40-44,9,10,964181,1.0371496638079365
Larynx,Male,2013-2017,45-49,10,17,760050,2.2366949542793235
Larynx,Male,2013-2017,50-54,11,39,641815,6.076517376502575
Larynx,Male,2013-2017,55-59,12,49,536567,9.132130749747935
Larynx,Male,2013-2017,60-64,13,79,456396,17.309529443728692
Larynx,Male,2013-2017,65-69,14,65,299347,21.7139306557273
Larynx,Male,2013-2017,70-74,15,61,197559,30.876851978396328
Larynx,Male,2013-2017,75-79,16,36,237704,15.1448860768014
Liver,Male,1993-1997,0-4,1,4,654595,0.6110648568962488
Liver,Male,1993-1997,5-9,2,0,797660,0.0
Liver,Male,1993-1997,10-14,3,1,615965,0.16234688659258237
Liver,Male,1993-1997,15-19,4,0,665315,0.0
Liver,Male,1993-1997,20-24,5,1,721845,0.1385338957809502
Liver,Male,1993-1997,25-29,6,3,658605,0.4555082333113171
Liver,Male,1993-1997,30-34,7,0,603600,0.0
Liver,Male,1993-1997,35-39,8,7,576945,1.2132872284186533
Liver,Male,1993-1997,40-44,9,4,483375,0.8275148694078097
Liver,Male,1993-1997,45-49,10,18,355980,5.056463846283499
Liver,Male,1993-1997,50-54,11,15,243975,6.148170919151552
Liver,Male,1993-1997,55-59,12,23,145090,15.85222965056172
Liver,Male,1993-1997,60-64,13,26,160220,16.227686930470604
Liver,Male,1993-1997,65-69,14,24,86120,27.868091035764053
Liver,Male,1993-1997,70-74,15,13,67385,19.292127328040365
Liver,Male,1993-1997,75-79,16,8,29310,27.294438758103038
Liver,Male,1998-2002,0-4,1,1,837385,0.11941938296004825
Liver,Male,1998-2002,5-9,2,0,846900,0.0
Liver,Male,1998-2002,10-14,3,3,946070,0.317101271576099
Liver,Male,1998-2002,15-19,4,1,950555,0.10520169795540502
Liver,Male,1998-2002,20-24,5,1,1059265,0.09440508276965631
Liver,Male,1998-2002,25-29,6,5,954795,0.5236726208243655
Liver,Male,1998-2002,30-34,7,4,813295,0.4918264590339299
Liver,Male,1998-2002,35-39,8,7,689670,1.0149781779691736
Liver,Male,1998-2002,40-44,9,12,589150,2.0368327251124505
Liver,Male,1998-2002,45-49,10,16,463275,3.4536722249204037
Liver,Male,1998-2002,50-54,11,19,379430,5.007511266900351
Liver,Male,1998-2002,55-59,12,20,247215,8.090123981150011
Liver,Male,1998-2002,60-64,13,31,205510,15.084424115614814
Liver,Male,1998-2002,65-69,14,29,147085,19.716490464697284
Liver,Male,1998-2002,70-74,15,27,104545,25.826199244344544
Liver,Male,1998-2002,75-79,16,17,54630,31.118433095368843
Liver,Male,2003-2007,0-4,1,3,951909,0.3151561756428398
Liver,Male,2003-2007,5-9,2,0,912393,0.0
Liver,Male,2003-2007,10-14,3,1,1103733,0.09060162195023615
Liver,Male,2003-2007,15-19,4,0,1124183,0.0
Liver,Male,2003-2007,20-24,5,0,1258508,0.0
Liver,Male,2003-2007,25-29,6,2,1130162,0.17696578012709682
Liver,Male,2003-2007,30-34,7,1,953709,0.10485378663722372
Liver,Male,2003-2007,35-39,8,7,799027,0.8760655146822321
Liver,Male,2003-2007,40-44,9,4,690338,0.5794263100104586
Liver,Male,2003-2007,45-49,10,16,548984,2.9144747387902017
Liver,Male,2003-2007,50-54,11,36,458670,7.848780168748774
Liver,Male,2003-2007,55-59,12,26,295689,8.793022398533594
Liver,Male,2003-2007,60-64,13,49,236778,20.69449019756903
Liver,Male,2003-2007,65-69,14,48,178871,26.834981634809445
Liver,Male,2003-2007,70-74,15,44,125967,34.929783197186566
Liver,Male,2003-2007,75-79,16,40,130948,30.546476463939886
Liver,Male,2008-2011,0-4,1,2,998887,0.20022284802985724
Liver,Male,2008-2011,5-9,2,1,807911,0.12377600998129744
Liver,Male,2008-2011,10-14,3,0,1245851,0.0
Liver,Male,2008-2011,15-19,4,0,1270231,0.0
Liver,Male,2008-2011,20-24,5,2,1437551,0.1391254988518668
Liver,Male,2008-2011,25-29,6,2,1271128,0.15734056680365785
Liver,Male,2008-2011,30-34,7,3,1026110,0.2923663155022366
Liver,Male,2008-2011,35-39,8,7,810974,0.8631596080762145
Liver,Male,2008-2011,40-44,9,9,720791,1.248628243138441
Liver,Male,2008-2011,45-49,10,14,596503,2.3470125045473367
Liver,Male,2008-2011,50-54,11,21,537176,3.90933325390561
Liver,Male,2008-2011,55-59,12,28,345999,8.092508937887104
Liver,Male,2008-2011,60-64,13,38,243451,15.608890495417969
Liver,Male,2008-2011,65-69,14,41,210311,19.494938448297997
Liver,Male,2008-2011,70-74,15,30,131185,22.868468193772152
Liver,Male,2008-2011,75-79,16,22,172552,12.749779776531131
Liver,Male,2013-2017,0-4,1,2,1197333,0.16703790841812596
Liver,Male,2013-2017,5-9,2,2,1112778,0.17973036850117455
Liver,Male,2013-2017,10-14,3,0,1031264,0.0
Liver,Male,2013-2017,15-19,4,1,1142065,0.0875606905036053
Liver,Male,2013-2017,20-24,5,0,1686156,0.0
Liver,Male,2013-2017,25-29,6,2,1790878,0.11167706566276431
Liver,Male,2013-2017,30-34,7,4,1506026,0.26559966428202436
Liver,Male,2013-2017,35-39,8,12,1224909,0.9796646118201433
Liver,Male,2013-2017,40-44,9,4,964181,0.4148598655231746
Liver,Male,2013-2017,45-49,10,14,760050,1.8419840799947371
Liver,Male,2013-2017,50-54,11,28,641815,4.362627860053131
Liver,Male,2013-2017,55-59,12,43,536567,8.013910657942064
Liver,Male,2013-2017,60-64,13,65,456396,14.242017896738798
Liver,Male,2013-2017,65-69,14,83,299347,27.72701914500563
Liver,Male,2013-2017,70-74,15,74,197559,37.45716469510374
Liver,Male,2013-2017,75-79,16,54,237704,22.7173291152021
Mouth,Female,1993-1997,0-4,1,0,643220,0.0
Mouth,Female,1993-1997,5-9,2,0,725190,0.0
Mouth,Female,1993-1997,10-14,3,1,608940,0.16421979176930404
Mouth,Female,1993-1997,15-19,4,1,598555,0.16706902456750006
Mouth,Female,1993-1997,20-24,5,1,704920,0.14186006922771377
Mouth,Female,1993-1997,25-29,6,2,637700,0.31362709738121375
Mouth,Female,1993-1997,30-34,7,6,556745,1.077692660014908
Mouth,Female,1993-1997,35-39,8,15,530755,2.826162730450019
Mouth,Female,1993-1997,40-44,9,18,364390,4.939762342545075
Mouth,Female,1993-1997,45-49,10,32,242000,13.223140495867769
Mouth,Female,1993-1997,50-54,11,31,177085,17.50571759324618
Mouth,Female,1993-1997,55-59,12,27,147355,18.323097282073903
Mouth,Female,1993-1997,60-64,13,31,156375,19.82414068745004
Mouth,Female,1993-1997,65-69,14,19,91160,20.842474769635807
Mouth,Female,1993-1997,70-74,15,11,65790,16.719866241070072
Mouth,Female,1993-1997,75-79,16,3,33340,8.998200359928013
Mouth,Male,1993-1997,0-4,1,1,654595,0.1527662142240622
Mouth,Male,1993-1997,5-9,2,0,797660,0.0
Mouth,Male,1993-1997,10-14,3,0,615965,0.0
Mouth,Male,1993-1997,15-19,4,1,665315,0.15030474286616113
Mouth,Male,1993-1997,20-24,5,2,721845,0.2770677915619004
Mouth,Male,1993-1997,25-29,6,0,658605,0.0
Mouth,Male,1993-1997,30-34,7,13,603600,2.1537442014579193
Mouth,Male,1993-1997,35-39,8,15,576945,2.5999012037542575
Mouth,Male,1993-1997,40-44,9,35,483375,7.240755107318334
Mouth,Male,1993-1997,45-49,10,50,355980,14.045732906343053
Mouth,Male,1993-1997,50-54,11,53,243975,21.72353724766882
Mouth,Male,1993-1997,55-59,12,56,145090,38.596733062237234
Mouth,Male,1993-1997,60-64,13,57,160220,35.576082886031706
Mouth,Male,1993-1997,65-69,14,32,86120,37.15745471435206
Mouth,Male,1993-1997,70-74,15,15,67385,22.26014691696965
Mouth,Male,1993-1997,75-79,16,8,29310,27.294438758103038
Mouth,Female,1998-2002,0-4,1,0,756655,0.0
Mouth,Female,1998-2002,5-9,2,0,778730,0.0
Mouth,Female,1998-2002,10-14,3,0,870590,0.0
Mouth,Female,1998-2002,15-19,4,0,798260,0.0
Mouth,Female,1998-2002,20-24,5,0,912800,0.0
Mouth,Female,1998-2002,25-29,6,4,880815,0.4541248729869496
Mouth,Female,1998-2002,30-34,7,5,713015,0.7012475193369003
Mouth,Female,1998-2002,35-39,8,18,654240,2.7512839325018343
Mouth,Female,1998-2002,40-44,9,27,485225,5.564428873203154
Mouth,Female,1998-2002,45-49,10,44,419695,10.48380371460227
Mouth,Female,1998-2002,50-54,11,53,311145,17.033858811808
Mouth,Female,1998-2002,55-59,12,40,226335,17.67291846157245
Mouth,Female,1998-2002,60-64,13,49,209555,23.382882775405026
Mouth,Female,1998-2002,65-69,14,25,168525,14.83459427384661
Mouth,Female,1998-2002,70-74,15,27,111500,24.2152466367713
Mouth,Female,1998-2002,75-79,16,11,56570,19.44493547816864
Mouth,Male,1998-2002,0-4,1,0,837385,0.0
Mouth,Male,1998-2002,5-9,2,1,846900,0.11807769512339118
Mouth,Male,1998-2002,10-14,3,0,946070,0.0
Mouth,Male,1998-2002,15-19,4,0,950555,0.0
Mouth,Male,1998-2002,20-24,5,2,1059265,0.18881016553931262
Mouth,Male,1998-2002,25-29,6,2,954795,0.2094690483297462
Mouth,Male,1998-2002,30-34,7,11,813295,1.3525227623433071
Mouth,Male,1998-2002,35-39,8,27,689670,3.9149158293096695
Mouth,Male,1998-2002,40-44,9,51,589150,8.656539081727912
Mouth,Male,1998-2002,45-49,10,64,463275,13.814688899681615
Mouth,Male,1998-2002,50-54,11,70,379430,18.448725720159185
Mouth,Male,1998-2002,55-59,12,61,247215,24.674878142507534
Mouth,Male,1998-2002,60-64,13,65,205510,31.62863121016009
Mouth,Male,1998-2002,65-69,14,40,147085,27.195159261651426
Mouth,Male,1998-2002,70-74,15,33,104545,31.56535463197666
Mouth,Male,1998-2002,75-79,16,10,54630,18.304960644334617
Mouth,Female,2003-2007,0-4,1,0,841379,0.0
Mouth,Female,2003-2007,5-9,2,0,842661,0.0
Mouth,Female,2003-2007,10-14,3,0,1005738,0.0
Mouth,Female,2003-2007,15-19,4,1,930824,0.10743169492836455
Mouth,Female,2003-2007,20-24,5,2,1062940,0.1881573748283064
Mouth,Female,2003-2007,25-29,6,3,1034593,0.28996909895968753
Mouth,Female,2003-2007,30-34,7,6,842246,0.7123809433348451
Mouth,Female,2003-2007,35-39,8,11,773050,1.4229351270939785
Mouth,Female,2003-2007,40-44,9,21,579958,3.6209518620313887
Mouth,Female,2003-2007,45-49,10,25,513620,4.867411705151669
Mouth,Female,2003-2007,50-54,11,36,377656,9.532484589149913
Mouth,Female,2003-2007,55-59,12,40,269642,14.834484242069113
Mouth,Female,2003-2007,60-64,13,67,244715,27.378787569213166
Mouth,Female,2003-2007,65-69,14,42,210595,19.943493435266742
Mouth,Female,2003-2007,70-74,15,20,136640,14.637002341920375
Mouth,Female,2003-2007,75-79,16,13,141402,9.193646483076618
Mouth,Male,2003-2007,0-4,1,0,951909,0.0
Mouth,Male,2003-2007,5-9,2,1,912393,0.10960189304389666
Mouth,Male,2003-2007,10-14,3,2,1103733,0.1812032439004723
Mouth,Male,2003-2007,15-19,4,1,1124183,0.08895348888926446
Mouth,Male,2003-2007,20-24,5,5,1258508,0.39729584555680214
Mouth,Male,2003-2007,25-29,6,3,1130162,0.2654486701906452
Mouth,Male,2003-2007,30-34,7,12,953709,1.2582454396466847
Mouth,Male,2003-2007,35-39,8,24,799027,3.0036531931962247
Mouth,Male,2003-2007,40-44,9,58,690338,8.40168149515165
Mouth,Male,2003-2007,45-49,10,52,548984,9.472042901068155
Mouth,Male,2003-2007,50-54,11,97,458670,21.14810212135086
Mouth,Male,2003-2007,55-59,12,85,295689,28.746419379821365
Mouth,Male,2003-2007,60-64,13,78,236778,32.94224970225274
Mouth,Male,2003-2007,65-69,14,66,178871,36.898099747862986
Mouth,Male,2003-2007,70-74,15,44,125967,34.929783197186566
Mouth,Male,2003-2007,75-79,16,17,130948,12.982252497174452
Mouth,Female,2008-2011,0-4,1,0,829911,0.0
Mouth,Female,2008-2011,5-9,2,0,761063,0.0
Mouth,Female,2008-2011,10-14,3,0,1094154,0.0
Mouth,Female,2008-2011,15-19,4,0,1006524,0.0
Mouth,Female,2008-2011,20-24,5,1,1128163,0.08863967352235448
Mouth,Female,2008-2011,25-29,6,3,1115926,0.26883503027978556
Mouth,Female,2008-2011,30-34,7,4,901495,0.44370739715694485
Mouth,Female,2008-2011,35-39,8,14,804982,1.7391693230407639
Mouth,Female,2008-2011,40-44,9,18,637887,2.821816403218752
Mouth,Female,2008-2011,45-49,10,34,618364,5.4983795951898875
Mouth,Female,2008-2011,50-54,11,44,452736,9.718688153802658
Mouth,Female,2008-2011,55-59,12,37,301253,12.282035365622916
Mouth,Female,2008-2011,60-64,13,51,259687,19.639026982482758
Mouth,Female,2008-2011,65-69,14,42,256286,16.38794159649766
Mouth,Female,2008-2011,70-74,15,27,160934,16.777063889544785
Mouth,Female,2008-2011,75-79,16,14,186746,7.496813854112003
Mouth,Male,2008-2011,0-4,1,1,998887,0.10011142401492862
Mouth,Male,2008-2011,5-9,2,1,807911,0.12377600998129744
Mouth,Male,2008-2011,10-14,3,0,1245851,0.0
Mouth,Male,2008-2011,15-19,4,1,1270231,0.07872583805622757
Mouth,Male,2008-2011,20-24,5,2,1437551,0.1391254988518668
Mouth,Male,2008-2011,25-29,6,8,1271128,0.6293622672146314
Mouth,Male,2008-2011,30-34,7,29,1026110,2.8262077165216204
Mouth,Male,2008-2011,35-39,8,41,810974,5.055649133017828
Mouth,Male,2008-2011,40-44,9,64,720791,8.879134173428914
Mouth,Male,2008-2011,45-49,10,71,596503,11.902706273061494
Mouth,Male,2008-2011,50-54,11,65,537176,12.100317214469746
Mouth,Male,2008-2011,55-59,12,69,345999,19.94225416836465
Mouth,Male,2008-2011,60-64,13,91,243451,37.37918513376408
Mouth,Male,2008-2011,65-69,14,74,210311,35.1859864676598
Mouth,Male,2008-2011,70-74,15,39,131185,29.7290086519038
Mouth,Male,2008-2011,75-79,16,16,172552,9.27256711020446
Mouth,Female,2013-2017,0-4,1,0,1074305,0.0
Mouth,Female,2013-2017,5-9,2,0,963313,0.0
Mouth,Female,2013-2017,10-14,3,2,907697,0.22033784401623008
Mouth,Female,2013-2017,15-19,4,1,996311,0.10037026591094547
Mouth,Female,2013-2017,20-24,5,1,1541215,0.06488387408635395
Mouth,Female,2013-2017,25-29,6,7,1650504,0.4241128770363477
Mouth,Female,2013-2017,30-34,7,11,1297818,0.8475764706607553
Mouth,Female,2013-2017,35-39,8,12,1062421,1.1294957460366464
Mouth,Female,2013-2017,40-44,9,24,877902,2.733790331950491
Mouth,Female,2013-2017,45-49,10,38,736162,5.161907297578522
Mouth,Female,2013-2017,50-54,11,44,610618,7.205814437176762
Mouth,Female,2013-2017,55-59,12,55,513842,10.703679341120422
Mouth,Female,2013-2017,60-64,13,63,439699,14.327983461413375
Mouth,Female,2013-2017,65-69,14,54,273122,19.771384216577207
Mouth,Female,2013-2017,70-74,15,43,193940,22.171805713107148
Mouth,Female,2013-2017,75-79,16,19,261372,7.269332598748144
Mouth,Male,2013-2017,0-4,1,0,1197333,0.0
Mouth,Male,2013-2017,5-9,2,0,1112778,0.0
Mouth,Male,2013-2017,10-14,3,0,1031264,0.0
Mouth,Male,2013-2017,15-19,4,0,1142065,0.0
Mouth,Male,2013-2017,20-24,5,1,1686156,0.05930649358659578
Mouth,Male,2013-2017,25-29,6,15,1790878,0.8375779924707322
Mouth,Male,2013-2017,30-34,7,36,1506026,2.3903969785382193
Mouth,Male,2013-2017,35-39,8,112,1224909,9.143536376988004
Mouth,Male,2013-2017,40-44,9,110,964181,11.408646301887302
Mouth,Male,2013-2017,45-49,10,132,760050,17.367278468521807
Mouth,Male,2013-2017,50-54,11,111,641815,17.294703302353483
Mouth,Male,2013-2017,55-59,12,160,536567,29.819202448156524
Mouth,Male,2013-2017,60-64,13,140,456396,30.675115469898948
Mouth,Male,2013-2017,65-69,14,136,299347,45.43222414121404
Mouth,Male,2013-2017,70-74,15,65,197559,32.90156358353707
Mouth,Male,2013-2017,75-79,16,39,237704,16.40695991653485
Oesophagus,Female,1993-1997,0-4,1,0,643220,0.0
Oesophagus,Female,1993-1997,5-9,2,0,725190,0.0
Oesophagus,Female,1993-1997,10-14,3,0,608940,0.0
Oesophagus,Female,1993-1997,15-19,4,0,598555,0.0
Oesophagus,Female,1993-1997,20-24,5,1,704920,0.14186006922771377
Oesophagus,Female,1993-1997,25-29,6,2,637700,0.31362709738121375
Oesophagus,Female,1993-1997,30-34,7,6,556745,1.077692660014908
Oesophagus,Female,1993-1997,35-39,8,9,530755,1.6956976382700115
Oesophagus,Female,1993-1997,40-44,9,20,364390,5.488624825050083
Oesophagus,Female,1993-1997,45-49,10,19,242000,7.8512396694214885
Oesophagus,Female,1993-1997,50-54,11,28,177085,15.811615890673972
Oesophagus,Female,1993-1997,55-59,12,23,147355,15.608564351396288
Oesophagus,Female,1993-1997,60-64,13,31,156375,19.82414068745004
Oesophagus,Female,1993-1997,65-69,14,40,91160,43.87889425186486
Oesophagus,Female,1993-1997,70-74,15,32,65790,48.63961088311293
Oesophagus,Female,1993-1997,75-79,16,16,33340,47.990401919616076
Oesophagus,Male,1993-1997,0-4,1,1,654595,0.1527662142240622
Oesophagus,Male,1993-1997,5-9,2,0,797660,0.0
Oesophagus,Male,1993-1997,10-14,3,0,615965,0.0
Oesophagus,Male,1993-1997,15-19,4,0,665315,0.0
Oesophagus,Male,1993-1997,20-24,5,2,721845,0.2770677915619004
Oesophagus,Male,1993-1997,25-29,6,3,658605,0.4555082333113171
Oesophagus,Male,1993-1997,30-34,7,5,603600,0.8283631544068919
Oesophagus,Male,1993-1997,35-39,8,7,576945,1.2132872284186533
Oesophagus,Male,1993-1997,40-44,9,15,483375,3.1031807602792862
Oesophagus,Male,1993-1997,45-49,10,19,355980,5.33737850441036
Oesophagus,Male,1993-1997,50-54,11,34,243975,13.935854083410186
Oesophagus,Male,1993-1997,55-59,12,32,145090,22.055276035564134
Oesophagus,Male,1993-1997,60-64,13,58,160220,36.200224691049804
Oesophagus,Male,1993-1997,65-69,14,42,86120,48.76915931258709
Oesophagus,Male,1993-1997,70-74,15,42,67385,62.328411367515024
Oesophagus,Male,1993-1997,75-79,16,28,29310,95.53053565336063
Oesophagus,Female,1998-2002,0-4,1,0,756655,0.0
Oesophagus,Female,1998-2002,5-9,2,0,778730,0.0
Oesophagus,Female,1998-2002,10-14,3,0,870590,0.0
Oesophagus,Female,1998-2002,15-19,4,0,798260,0.0
Oesophagus,Female,1998-2002,20-24,5,0,912800,0.0
Oesophagus,Female,1998-2002,25-29,6,1,880815,0.1135312182467374
Oesophagus,Female,1998-2002,30-34,7,2,713015,0.2804990077347601
Oesophagus,Female,1998-2002,35-39,8,5,654240,0.7642455368060651
Oesophagus,Female,1998-2002,40-44,9,12,485225,2.4730794992014014
Oesophagus,Female,1998-2002,45-49,10,21,419695,5.003633591060175
Oesophagus,Female,1998-2002,50-54,11,31,311145,9.963200437095246
Oesophagus,Female,1998-2002,55-59,12,30,226335,13.254688846179336
Oesophagus,Female,1998-2002,60-64,13,30,209555,14.316050678819405
Oesophagus,Female,1998-2002,65-69,14,60,168525,35.60302625723187
Oesophagus,Female,1998-2002,70-74,15,46,111500,41.25560538116592
Oesophagus,Female,1998-2002,75-79,16,28,56570,49.496199398974724
Oesophagus,Male,1998-2002,0-4,1,1,837385,0.11941938296004825
Oesophagus,Male,1998-2002,5-9,2,0,846900,0.0
Oesophagus,Male,1998-2002,10-14,3,1,946070,0.10570042385869967
Oesophagus,Male,1998-2002,15-19,4,1,950555,0.10520169795540502
Oesophagus,Male,1998-2002,20-24,5,5,1059265,0.4720254138482816
Oesophagus,Male,1998-2002,25-29,6,4,954795,0.4189380966594924
Oesophagus,Male,1998-2002,30-34,7,4,813295,0.4918264590339299
Oesophagus,Male,1998-2002,35-39,8,12,689670,1.7399625908042975
Oesophagus,Male,1998-2002,40-44,9,31,589150,5.261817873207162
Oesophagus,Male,1998-2002,45-49,10,34,463275,7.339053477955858
Oesophagus,Male,1998-2002,50-54,11,46,379430,12.123448330390321
Oesophagus,Male,1998-2002,55-59,12,41,247215,16.584754161357523
Oesophagus,Male,1998-2002,60-64,13,57,205510,27.735876599678846
Oesophagus,Male,1998-2002,65-69,14,53,147085,36.03358602168814
Oesophagus,Male,1998-2002,70-74,15,42,104545,40.17408771342484
Oesophagus,Male,1998-2002,75-79,16,24,54630,43.93190554640307
Oesophagus,Female,2003-2007,0-4,1,0,841379,0.0
Oesophagus,Female,2003-2007,5-9,2,0,842661,0.0
Oesophagus,Female,2003-2007,10-14,3,0,1005738,0.0
Oesophagus,Female,2003-2007,15-19,4,0,930824,0.0
Oesophagus,Female,2003-2007,20-24,5,1,1062940,0.0940786874141532
Oesophagus,Female,2003-2007,25-29,6,2,1034593,0.1933127326397917
Oesophagus,Female,2003-2007,30-34,7,6,842246,0.7123809433348451
Oesophagus,Female,2003-2007,35-39,8,7,773050,0.9055041717870771
Oesophagus,Female,2003-2007,40-44,9,15,579958,2.5863941871652774
Oesophagus,Female,2003-2007,45-49,10,18,513620,3.5045364277092013
Oesophagus,Female,2003-2007,50-54,11,25,377656,6.619780964687441
Oesophagus,Female,2003-2007,55-59,12,33,269642,12.23844949970702
Oesophagus,Female,2003-2007,60-64,13,29,244715,11.850519992644506
Oesophagus,Female,2003-2007,65-69,14,45,210595,21.36802868064294
Oesophagus,Female,2003-2007,70-74,15,42,136640,30.73770491803279
Oesophagus,Female,2003-2007,75-79,16,25,141402,17.680089390531958
Oesophagus,Male,2003-2007,0-4,1,0,951909,0.0
Oesophagus,Male,2003-2007,5-9,2,0,912393,0.0
Oesophagus,Male,2003-2007,10-14,3,0,1103733,0.0
Oesophagus,Male,2003-2007,15-19,4,0,1124183,0.0
Oesophagus,Male,2003-2007,20-24,5,0,1258508,0.0
Oesophagus,Male,2003-2007,25-29,6,4,1130162,0.35393156025419364
Oesophagus,Male,2003-2007,30-34,7,1,953709,0.10485378663722372
Oesophagus,Male,2003-2007,35-39,8,13,799027,1.6269788129812888
Oesophagus,Male,2003-2007,40-44,9,16,690338,2.3177052400418345
Oesophagus,Male,2003-2007,45-49,10,23,548984,4.189557437010915
Oesophagus,Male,2003-2007,50-54,11,32,458670,6.976693483332243
Oesophagus,Male,2003-2007,55-59,12,43,295689,14.542306274497866
Oesophagus,Male,2003-2007,60-64,13,41,236778,17.315797920414905
Oesophagus,Male,2003-2007,65-69,14,63,178871,35.2209133956874
Oesophagus,Male,2003-2007,70-74,15,48,125967,38.105218033294435
Oesophagus,Male,2003-2007,75-79,16,38,130948,29.01915264074289
Oesophagus,Female,2008-2011,0-4,1,0,829911,0.0
Oesophagus,Female,2008-2011,5-9,2,0,761063,0.0
Oesophagus,Female,2008-2011,10-14,3,0,1094154,0.0
Oesophagus,Female,2008-2011,15-19,4,0,1006524,0.0
Oesophagus,Female,2008-2011,20-24,5,0,1128163,0.0
Oesophagus,Female,2008-2011,25-29,6,1,1115926,0.08961167675992852
Oesophagus,Female,2008-2011,30-34,7,3,901495,0.3327805478677086
Oesophagus,Female,2008-2011,35-39,8,6,804982,0.7453582813031845
Oesophagus,Female,2008-2011,40-44,9,12,637887,1.881210935479168
Oesophagus,Female,2008-2011,45-49,10,22,618364,3.557775032181692
Oesophagus,Female,2008-2011,50-54,11,16,452736,3.5340684195646026
Oesophagus,Female,2008-2011,55-59,12,24,301253,7.966725642566216
Oesophagus,Female,2008-2011,60-64,13,36,259687,13.862842575870182
Oesophagus,Female,2008-2011,65-69,14,29,256286,11.315483483296005
Oesophagus,Female,2008-2011,70-74,15,26,160934,16.155691152894974
Oesophagus,Female,2008-2011,75-79,16,27,186746,14.458141004358861
Oesophagus,Male,2008-2011,0-4,1,0,998887,0.0
Oesophagus,Male,2008-2011,5-9,2,0,807911,0.0
Oesophagus,Male,2008-2011,10-14,3,0,1245851,0.0
Oesophagus,Male,2008-2011,15-19,4,0,1270231,0.0
Oesophagus,Male,2008-2011,20-24,5,1,1437551,0.0695627494259334
Oesophagus,Male,2008-2011,25-29,6,1,1271128,0.07867028340182892
Oesophagus,Male,2008-2011,30-34,7,5,1026110,0.4872771925037277
Oesophagus,Male,2008-2011,35-39,8,5,810974,0.6165425771972961
Oesophagus,Male,2008-2011,40-44,9,12,720791,1.6648376575179213
Oesophagus,Male,2008-2011,45-49,10,15,596503,2.5146562548721465
Oesophagus,Male,2008-2011,50-54,11,30,537176,5.584761791293729
Oesophagus,Male,2008-2011,55-59,12,35,345999,10.11563617235888
Oesophagus,Male,2008-2011,60-64,13,46,243451,18.894972704979647
Oesophagus,Male,2008-2011,65-69,14,53,210311,25.20077409170229
Oesophagus,Male,2008-2011,70-74,15,36,131185,27.442161832526583
Oesophagus,Male,2008-2011,75-79,16,35,172552,20.283740553572255
Oesophagus,Female,2013-2017,0-4,1,0,1074305,0.0
Oesophagus,Female,2013-2017,5-9,2,0,963313,0.0
Oesophagus,Female,2013-2017,10-14,3,0,907697,0.0
Oesophagus,Female,2013-2017,15-19,4,2,996311,0.20074053182189094
Oesophagus,Female,2013-2017,20-24,5,0,1541215,0.0
Oesophagus,Female,2013-2017,25-29,6,1,1650504,0.060587553862335386
Oesophagus,Female,2013-2017,30-34,7,7,1297818,0.5393668449659351
Oesophagus,Female,2013-2017,35-39,8,11,1062421,1.0353711005335926
Oesophagus,Female,2013-2017,40-44,9,16,877902,1.8225268879669938
Oesophagus,Female,2013-2017,45-49,10,30,736162,4.0751899717725175
Oesophagus,Female,2013-2017,50-54,11,32,610618,5.240592317946736
Oesophagus,Female,2013-2017,55-59,12,34,513842,6.616819956328988
Oesophagus,Female,2013-2017,60-64,13,54,439699,12.281128681211465
Oesophagus,Female,2013-2017,65-69,14,51,273122,18.67297398232292
Oesophagus,Female,2013-2017,70-74,15,24,193940,12.374961328245849
Oesophagus,Female,2013-2017,75-79,16,31,261372,11.860490029536447
Oesophagus,Male,2013-2017,0-4,1,0,1197333,0.0
Oesophagus,Male,2013-2017,5-9,2,0,1112778,0.0
Oesophagus,Male,2013-2017,10-14,3,0,1031264,0.0
Oesophagus,Male,2013-2017,15-19,4,0,1142065,0.0
Oesophagus,Male,2013-2017,20-24,5,0,1686156,0.0
Oesophagus,Male,2013-2017,25-29,6,2,1790878,0.11167706566276431
Oesophagus,Male,2013-2017,30-34,7,4,1506026,0.26559966428202436
Oesophagus,Male,2013-2017,35-39,8,3,1224909,0.24491615295503583
Oesophagus,Male,2013-2017,40-44,9,9,964181,0.9334346974271428
Oesophagus,Male,2013-2017,45-49,10,19,760050,2.499835537135715
Oesophagus,Male,2013-2017,50-54,11,24,641815,3.7393953086169693
Oesophagus,Male,2013-2017,55-59,12,51,536567,9.50487078034989
Oesophagus,Male,2013-2017,60-64,13,82,456396,17.966853346655096
Oesophagus,Male,2013-2017,65-69,14,70,299347,23.384233013860168
Oesophagus,Male,2013-2017,70-74,15,65,197559,32.90156358353707
Oesophagus,Male,2013-2017,75-79,16,34,237704,14.3035035169791
Ovary,Female,1993-1997,0-4,1,1,643220,0.1554678026180778
Ovary,Female,1993-1997,5-9,2,2,725190,0.2757897930197603
Ovary,Female,1993-1997,10-14,3,2,608940,0.3284395835386081
Ovary,Female,1993-1997,15-19,4,2,598555,0.3341380491350001
Ovary,Female,1993-1997,20-24,5,3,704920,0.4255802076831413
Ovary,Female,1993-1997,25-29,6,4,637700,0.6272541947624275
Ovary,Female,1993-1997,30-34,7,12,556745,2.155385320029816
Ovary,Female,1993-1997,35-39,8,17,530755,3.202984427843355
Ovary,Female,1993-1997,40-44,9,31,364390,8.50736847882763
Ovary,Female,1993-1997,45-49,10,33,242000,13.636363636363637
Ovary,Female,1993-1997,50-54,11,35,177085,19.764519863342464
Ovary,Female,1993-1997,55-59,12,39,147355,26.466696074106746
Ovary,Female,1993-1997,60-64,13,36,156375,23.02158273381295
Ovary,Female,1993-1997,65-69,14,22,91160,24.133391838525668
Ovary,Female,1993-1997,70-74,15,28,65790,42.55965952272382
Ovary,Female,1993-1997,75-79,16,8,33340,23.995200959808038
Ovary,Female,1998-2002,0-4,1,1,756655,0.13216062802730438
Ovary,Female,1998-2002,5-9,2,0,778730,0.0
Ovary,Female,1998-2002,10-14,3,0,870590,0.0
Ovary,Female,1998-2002,15-19,4,7,798260,0.8769072733194698
Ovary,Female,1998-2002,20-24,5,8,912800,0.8764241893076249
Ovary,Female,1998-2002,25-29,6,13,880815,1.4759058372075862
Ovary,Female,1998-2002,30-34,7,18,713015,2.5244910696128415
Ovary,Female,1998-2002,35-39,8,25,654240,3.821227684030325
Ovary,Female,1998-2002,40-44,9,35,485225,7.21314853933742
Ovary,Female,1998-2002,45-49,10,53,419695,12.628218110770918
Ovary,Female,1998-2002,50-54,11,61,311145,19.60500731170355
Ovary,Female,1998-2002,55-59,12,42,226335,18.556564384651068
Ovary,Female,1998-2002,60-64,13,52,209555,24.814487843286962
Ovary,Female,1998-2002,65-69,14,45,168525,26.7022696929239
Ovary,Female,1998-2002,70-74,15,46,111500,41.25560538116592
Ovary,Female,1998-2002,75-79,16,22,56570,38.88987095633728
Ovary,Female,2003-2007,0-4,1,1,841379,0.11885250285543139
Ovary,Female,2003-2007,5-9,2,1,842661,0.11867168410547065
Ovary,Female,2003-2007,10-14,3,2,1005738,0.19885894736004806
Ovary,Female,2003-2007,15-19,4,5,930824,0.5371584746418228
Ovary,Female,2003-2007,20-24,5,11,1062940,1.0348655615556852
Ovary,Female,2003-2007,25-29,6,9,1034593,0.8699072968790627
Ovary,Female,2003-2007,30-34,7,10,842246,1.187301572224742
Ovary,Female,2003-2007,35-39,8,27,773050,3.492658948321583
Ovary,Female,2003-2007,40-44,9,35,579958,6.034919770052314
Ovary,Female,2003-2007,45-49,10,50,513620,9.734823410303338
Ovary,Female,2003-2007,50-54,11,55,377656,14.563518122312368
Ovary,Female,2003-2007,55-59,12,50,269642,18.543105302586394
Ovary,Female,2003-2007,60-64,13,63,244715,25.744233087469095
Ovary,Female,2003-2007,65-69,14,40,210595,18.993803271682612
Ovary,Female,2003-2007,70-74,15,36,136640,26.346604215456676
Ovary,Female,2003-2007,75-79,16,22,141402,15.558478663668122
Ovary,Female,2008-2011,0-4,1,1,829911,0.1204948482427634
Ovary,Female,2008-2011,5-9,2,0,761063,0.0
Ovary,Female,2008-2011,10-14,3,2,1094154,0.1827896255920099
Ovary,Female,2008-2011,15-19,4,2,1006524,0.19870365733951698
Ovary,Female,2008-2011,20-24,5,4,1128163,0.3545586940894179
Ovary,Female,2008-2011,25-29,6,10,1115926,0.8961167675992853
Ovary,Female,2008-2011,30-34,7,9,901495,0.9983416436031258
Ovary,Female,2008-2011,35-39,8,24,804982,2.981433125212738
Ovary,Female,2008-2011,40-44,9,41,637887,6.4274706962204915
Ovary,Female,2008-2011,45-49,10,49,618364,7.924135298950133
Ovary,Female,2008-2011,50-54,11,41,452736,9.056050325134294
Ovary,Female,2008-2011,55-59,12,56,301253,18.589026499321168
Ovary,Female,2008-2011,60-64,13,41,259687,15.788237378074374
Ovary,Female,2008-2011,65-69,14,47,256286,18.338887024652145
Ovary,Female,2008-2011,70-74,15,26,160934,16.155691152894974
Ovary,Female,2008-2011,75-79,16,23,186746,12.31619418889829
Ovary,Female,2013-2017,0-4,1,0,1074305,0.0
Ovary,Female,2013-2017,5-9,2,1,963313,0.10380841948567081
Ovary,Female,2013-2017,10-14,3,3,907697,0.3305067660243451
Ovary,Female,2013-2017,15-19,4,4,996311,0.4014810636437819
Ovary,Female,2013-2017,20-24,5,4,1541215,0.2595354963454158
Ovary,Female,2013-2017,25-29,6,11,1650504,0.6664630924856892
Ovary,Female,2013-2017,30-34,7,14,1297818,1.0787336899318702
Ovary,Female,2013-2017,35-39,8,35,1062421,3.2943625926068854
Ovary,Female,2013-2017,40-44,9,63,877902,7.176199621370039
Ovary,Female,2013-2017,45-49,10,92,736162,12.497249246769053
Ovary,Female,2013-2017,50-54,11,112,610618,18.342073112813576
Ovary,Female,2013-2017,55-59,12,104,513842,20.239684572300437
Ovary,Female,2013-2017,60-64,13,108,439699,24.56225736242293
Ovary,Female,2013-2017,65-69,14,96,273122,35.149127496137254
Ovary,Female,2013-2017,70-74,15,72,193940,37.12488398473755
Ovary,Female,2013-2017,75-79,16,40,261372,15.303858102627672
Prostate,Male,1993-1997,0-4,1,0,654595,0.0
Prostate,Male,1993-1997,5-9,2,0,797660,0.0
Prostate,Male,1993-1997,10-14,3,0,615965,0.0
Prostate,Male,1993-1997,15-19,4,1,665315,0.15030474286616113
Prostate,Male,1993-1997,20-24,5,0,721845,0.0
Prostate,Male,1993-1997,25-29,6,0,658605,0.0
Prostate,Male,1993-1997,30-34,7,1,603600,0.1656726308813784
Prostate,Male,1993-1997,35-39,8,2,576945,0.346653493833901
Prostate,Male,1993-1997,40-44,9,1,483375,0.20687871735195243
Prostate,Male,1993-1997,45-49,10,3,355980,0.8427439743805831
Prostate,Male,1993-1997,50-54,11,8,243975,3.2790244902141614
Prostate,Male,1993-1997,55-59,12,9,145090,6.203046385002412
Prostate,Male,1993-1997,60-64,13,42,160220,26.213955810760208
Prostate,Male,1993-1997,65-69,14,28,86120,32.51277287505806
Prostate,Male,1993-1997,70-74,15,48,67385,71.23247013430289
Prostate,Male,1993-1997,75-79,16,32,29310,109.17775503241215
Prostate,Male,1998-2002,0-4,1,0,837385,0.0
Prostate,Male,1998-2002,5-9,2,1,846900,0.11807769512339118
Prostate,Male,1998-2002,10-14,3,1,946070,0.10570042385869967
Prostate,Male,1998-2002,15-19,4,0,950555,0.0
Prostate,Male,1998-2002,20-24,5,1,1059265,0.09440508276965631
Prostate,Male,1998-2002,25-29,6,0,954795,0.0
Prostate,Male,1998-2002,30-34,7,0,813295,0.0
Prostate,Male,1998-2002,35-39,8,1,689670,0.1449968825670248
Prostate,Male,1998-2002,40-44,9,1,589150,0.1697360604260375
Prostate,Male,1998-2002,45-49,10,4,463275,0.8634180562301009
Prostate,Male,1998-2002,50-54,11,15,379430,3.95329836860554
Prostate,Male,1998-2002,55-59,12,17,247215,6.87660538397751
Prostate,Male,1998-2002,60-64,13,32,205510,15.571018441924966
Prostate,Male,1998-2002,65-69,14,49,147085,33.31407009552299
Prostate,Male,1998-2002,70-74,15,74,104545,70.78291644746281
Prostate,Male,1998-2002,75-79,16,61,54630,111.66025993044114
Prostate,Male,2003-2007,0-4,1,0,951909,0.0
Prostate,Male,2003-2007,5-9,2,0,912393,0.0
Prostate,Male,2003-2007,10-14,3,0,1103733,0.0
Prostate,Male,2003-2007,15-19,4,1,1124183,0.08895348888926446
Prostate,Male,2003-2007,20-24,5,1,1258508,0.07945916911136044
Prostate,Male,2003-2007,25-29,6,1,1130162,0.08848289006354841
Prostate,Male,2003-2007,30-34,7,0,953709,0.0
Prostate,Male,2003-2007,35-39,8,1,799027,0.12515221638317603
Prostate,Male,2003-2007,40-44,9,1,690338,0.14485657750261466
Prostate,Male,2003-2007,45-49,10,5,548984,0.910773355871938
Prostate,Male,2003-2007,50-54,11,7,458670,1.5261516994789284
Prostate,Male,2003-2007,55-59,12,20,295689,6.76386338348738
Prostate,Male,2003-2007,60-64,13,47,236778,19.8498171282805
Prostate,Male,2003-2007,65-69,14,73,178871,40.81153456960603
Prostate,Male,2003-2007,70-74,15,91,125967,72.24114252145402
Prostate,Male,2003-2007,75-79,16,89,130948,67.96591013226625
Prostate,Male,2008-2011,0-4,1,1,998887,0.10011142401492862
Prostate,Male,2008-2011,5-9,2,0,807911,0.0
Prostate,Male,2008-2011,10-14,3,0,1245851,0.0
Prostate,Male,2008-2011,15-19,4,1,1270231,0.07872583805622757
Prostate,Male,2008-2011,20-24,5,0,1437551,0.0
Prostate,Male,2008-2011,25-29,6,0,1271128,0.0
Prostate,Male,2008-2011,30-34,7,0,1026110,0.0
Prostate,Male,2008-2011,35-39,8,0,810974,0.0
Prostate,Male,2008-2011,40-44,9,2,720791,0.2774729429196536
Prostate,Male,2008-2011,45-49,10,7,596503,1.1735062522736683
Prostate,Male,2008-2011,50-54,11,6,537176,1.1169523582587457
Prostate,Male,2008-2011,55-59,12,26,345999,7.514472585180882
Prostate,Male,2008-2011,60-64,13,55,243451,22.591815190736536
Prostate,Male,2008-2011,65-69,14,80,210311,38.038904289361945
Prostate,Male,2008-2011,70-74,15,87,131185,66.31855776193925
Prostate,Male,2008-2011,75-79,16,97,172552,56.214938105614536
Prostate,Male,2013-2017,0-4,1,0,1197333,0.0
Prostate,Male,2013-2017,5-9,2,0,1112778,0.0
Prostate,Male,2013-2017,10-14,3,0,1031264,0.0
Prostate,Male,2013-2017,15-19,4,0,1142065,0.0
Prostate,Male,2013-2017,20-24,5,0,1686156,0.0
Prostate,Male,2013-2017,25-29,6,1,1790878,0.055838532831382154
Prostate,Male,2013-2017,30-34,7,1,1506026,0.06639991607050609
Prostate,Male,2013-2017,35-39,8,1,1224909,0.08163871765167861
Prostate,Male,2013-2017,40-44,9,3,964181,0.31114489914238097
Prostate,Male,2013-2017,45-49,10,3,760050,0.3947108742845865
Prostate,Male,2013-2017,50-54,11,19,641815,2.9603546193217674
Prostate,Male,2013-2017,55-59,12,46,536567,8.573020703845
Prostate,Male,2013-2017,60-64,13,102,456396,22.349012699497806
Prostate,Male,2013-2017,65-69,14,200,299347,66.81209432531477
Prostate,Male,2013-2017,70-74,15,204,197559,103.26029186217788
Prostate,Male,2013-2017,75-79,16,175,237704,73.62097398445125
Rectum,Female,1993-1997,0-4,1,0,643220,0.0
Rectum,Female,1993-1997,5-9,2,0,725190,0.0
Rectum,Female,1993-1997,10-14,3,0,608940,0.0
Rectum,Female,1993-1997,15-19,4,1,598555,0.16706902456750006
Rectum,Female,1993-1997,20-24,5,2,704920,0.28372013845542754
Rectum,Female,1993-1997,25-29,6,2,637700,0.31362709738121375
Rectum,Female,1993-1997,30-34,7,2,556745,0.35923088667163605
Rectum,Female,1993-1997,35-39,8,4,530755,0.7536433947866717
Rectum,Female,1993-1997,40-44,9,6,364390,1.646587447515025
Rectum,Female,1993-1997,45-49,10,5,242000,2.066115702479339
Rectum,Female,1993-1997,50-54,11,11,177085,6.211706242764774
Rectum,Female,1993-1997,55-59,12,4,147355,2.714532930677615
Rectum,Female,1993-1997,60-64,13,7,156375,4.476418864908073
Rectum,Female,1993-1997,65-69,14,7,91160,7.678806494076349
Rectum,Female,1993-1997,70-74,15,7,65790,10.639914880680955
Rectum,Female,1993-1997,75-79,16,7,33340,20.995800839832032
Rectum,Male,1993-1997,0-4,1,0,654595,0.0
Rectum,Male,1993-1997,5-9,2,0,797660,0.0
Rectum,Male,1993-1997,10-14,3,0,615965,0.0
Rectum,Male,1993-1997,15-19,4,0,665315,0.0
Rectum,Male,1993-1997,20-24,5,2,721845,0.2770677915619004
Rectum,Male,1993-1997,25-29,6,6,658605,0.9110164666226342
Rectum,Male,1993-1997,30-34,7,1,603600,0.1656726308813784
Rectum,Male,1993-1997,35-39,8,5,576945,0.8666337345847525
Rectum,Male,1993-1997,40-44,9,7,483375,1.4481510214636668
Rectum,Male,1993-1997,45-49,10,9,355980,2.5282319231417496
Rectum,Male,1993-1997,50-54,11,8,243975,3.2790244902141614
Rectum,Male,1993-1997,55-59,12,6,145090,4.135364256668274
Rectum,Male,1993-1997,60-64,13,9,160220,5.617276245162901
Rectum,Male,1993-1997,65-69,14,9,86120,10.45053413841152
Rectum,Male,1993-1997,70-74,15,15,67385,22.26014691696965
Rectum,Male,1993-1997,75-79,16,5,29310,17.0590242238144
Rectum,Female,1998-2002,0-4,1,0,756655,0.0
Rectum,Female,1998-2002,5-9,2,0,778730,0.0
Rectum,Female,1998-2002,10-14,3,0,870590,0.0
Rectum,Female,1998-2002,15-19,4,0,798260,0.0
Rectum,Female,1998-2002,20-24,5,3,912800,0.32865907099035935
Rectum,Female,1998-2002,25-29,6,5,880815,0.567656091233687
Rectum,Female,1998-2002,30-34,7,2,713015,0.2804990077347601
Rectum,Female,1998-2002,35-39,8,9,654240,1.3756419662509172
Rectum,Female,1998-2002,40-44,9,6,485225,1.2365397496007007
Rectum,Female,1998-2002,45-49,10,7,419695,1.6678778636867249
Rectum,Female,1998-2002,50-54,11,13,311145,4.178116312330264
Rectum,Female,1998-2002,55-59,12,16,226335,7.0691673846289795
Rectum,Female,1998-2002,60-64,13,26,209555,12.407243921643481
Rectum,Female,1998-2002,65-69,14,16,168525,9.49414033526183
Rectum,Female,1998-2002,70-74,15,14,111500,12.556053811659194
Rectum,Female,1998-2002,75-79,16,7,56570,12.374049849743681
Rectum,Male,1998-2002,0-4,1,0,837385,0.0
Rectum,Male,1998-2002,5-9,2,0,846900,0.0
Rectum,Male,1998-2002,10-14,3,0,946070,0.0
Rectum,Male,1998-2002,15-19,4,0,950555,0.0
Rectum,Male,1998-2002,20-24,5,6,1059265,0.5664304966179379
Rectum,Male,1998-2002,25-29,6,2,954795,0.2094690483297462
Rectum,Male,1998-2002,30-34,7,7,813295,0.8606963033093773
Rectum,Male,1998-2002,35-39,8,10,689670,1.449968825670248
Rectum,Male,1998-2002,40-44,9,4,589150,0.67894424170415
Rectum,Male,1998-2002,45-49,10,11,463275,2.3743996546327772
Rectum,Male,1998-2002,50-54,11,16,379430,4.216851593179243
Rectum,Male,1998-2002,55-59,12,13,247215,5.258580587747508
Rectum,Male,1998-2002,60-64,13,17,205510,8.272103547272637
Rectum,Male,1998-2002,65-69,14,20,147085,13.597579630825713
Rectum,Male,1998-2002,70-74,15,14,104545,13.391362571141613
Rectum,Male,1998-2002,75-79,16,10,54630,18.304960644334617
Rectum,Female,2003-2007,0-4,1,0,841379,0.0
Rectum,Female,2003-2007,5-9,2,0,842661,0.0
Rectum,Female,2003-2007,10-14,3,0,1005738,0.0
Rectum,Female,2003-2007,15-19,4,0,930824,0.0
Rectum,Female,2003-2007,20-24,5,1,1062940,0.0940786874141532
Rectum,Female,2003-2007,25-29,6,2,1034593,0.1933127326397917
Rectum,Female,2003-2007,30-34,7,4,842246,0.47492062888989683
Rectum,Female,2003-2007,35-39,8,12,773050,1.5522928659207036
Rectum,Female,2003-2007,40-44,9,8,579958,1.3794102331548146
Rectum,Female,2003-2007,45-49,10,8,513620,1.557571745648534
Rectum,Female,2003-2007,50-54,11,15,377656,3.971868578812464
Rectum,Female,2003-2007,55-59,12,13,269642,4.821207378672462
Rectum,Female,2003-2007,60-64,13,14,244715,5.720940686104243
Rectum,Female,2003-2007,65-69,14,16,210595,7.597521308673046
Rectum,Female,2003-2007,70-74,15,20,136640,14.637002341920375
Rectum,Female,2003-2007,75-79,16,9,141402,6.364832180591506
Rectum,Male,2003-2007,0-4,1,0,951909,0.0
Rectum,Male,2003-2007,5-9,2,1,912393,0.10960189304389666
Rectum,Male,2003-2007,10-14,3,1,1103733,0.09060162195023615
Rectum,Male,2003-2007,15-19,4,1,1124183,0.08895348888926446
Rectum,Male,2003-2007,20-24,5,4,1258508,0.3178366764454418
Rectum,Male,2003-2007,25-29,6,4,1130162,0.35393156025419364
Rectum,Male,2003-2007,30-34,7,10,953709,1.0485378663722373
Rectum,Male,2003-2007,35-39,8,12,799027,1.5018265965981124
Rectum,Male,2003-2007,40-44,9,10,690338,1.4485657750261467
Rectum,Male,2003-2007,45-49,10,9,548984,1.6393920405694884
Rectum,Male,2003-2007,50-54,11,17,458670,3.7063684130202543
Rectum,Male,2003-2007,55-59,12,16,295689,5.411090706789905
Rectum,Male,2003-2007,60-64,13,19,236778,8.024394158241051
Rectum,Male,2003-2007,65-69,14,36,178871,20.126236226107082
Rectum,Male,2003-2007,70-74,15,20,125967,15.877174180539347
Rectum,Male,2003-2007,75-79,16,9,130948,6.8729572043864735
Rectum,Female,2008-2011,0-4,1,0,829911,0.0
Rectum,Female,2008-2011,5-9,2,0,761063,0.0
Rectum,Female,2008-2011,10-14,3,0,1094154,0.0
Rectum,Female,2008-2011,15-19,4,0,1006524,0.0
Rectum,Female,2008-2011,20-24,5,1,1128163,0.08863967352235448
Rectum,Female,2008-2011,25-29,6,6,1115926,0.5376700605595711
Rectum,Female,2008-2011,30-34,7,3,901495,0.3327805478677086
Rectum,Female,2008-2011,35-39,8,7,804982,0.8695846615203819
Rectum,Female,2008-2011,40-44,9,10,637887,1.5676757795659733
Rectum,Female,2008-2011,45-49,10,11,618364,1.778887516090846
Rectum,Female,2008-2011,50-54,11,8,452736,1.7670342097823013
Rectum,Female,2008-2011,55-59,12,21,301253,6.9708849372454385
Rectum,Female,2008-2011,60-64,13,25,259687,9.62697401102096
Rectum,Female,2008-2011,65-69,14,19,256286,7.413592626987039
Rectum,Female,2008-2011,70-74,15,11,160934,6.835100103147875
Rectum,Female,2008-2011,75-79,16,10,186746,5.35486703865143
Rectum,Male,2008-2011,0-4,1,0,998887,0.0
Rectum,Male,2008-2011,5-9,2,0,807911,0.0
Rectum,Male,2008-2011,10-14,3,0,1245851,0.0
Rectum,Male,2008-2011,15-19,4,1,1270231,0.07872583805622757
Rectum,Male,2008-2011,20-24,5,3,1437551,0.20868824827780025
Rectum,Male,2008-2011,25-29,6,9,1271128,0.7080325506164604
Rectum,Male,2008-2011,30-34,7,4,1026110,0.38982175400298213
Rectum,Male,2008-2011,35-39,8,9,810974,1.109776638955133
Rectum,Male,2008-2011,40-44,9,12,720791,1.6648376575179213
Rectum,Male,2008-2011,45-49,10,16,596503,2.6823000051969563
Rectum,Male,2008-2011,50-54,11,27,537176,5.026285612164355
Rectum,Male,2008-2011,55-59,12,27,345999,7.803490761533993
Rectum,Male,2008-2011,60-64,13,28,243451,11.50128773346587
Rectum,Male,2008-2011,65-69,14,33,210311,15.691048019361801
Rectum,Male,2008-2011,70-74,15,16,131185,12.196516370011816
Rectum,Male,2008-2011,75-79,16,21,172552,12.170244332143353
Rectum,Female,2013-2017,0-4,1,0,1074305,0.0
Rectum,Female,2013-2017,5-9,2,0,963313,0.0
Rectum,Female,2013-2017,10-14,3,0,907697,0.0
Rectum,Female,2013-2017,15-19,4,0,996311,0.0
Rectum,Female,2013-2017,20-24,5,4,1541215,0.2595354963454158
Rectum,Female,2013-2017,25-29,6,9,1650504,0.5452879847610185
Rectum,Female,2013-2017,30-34,7,8,1297818,0.6164192513896402
Rectum,Female,2013-2017,35-39,8,16,1062421,1.505994328048862
Rectum,Female,2013-2017,40-44,9,19,877902,2.1642506794608054
Rectum,Female,2013-2017,45-49,10,25,736162,3.3959916431437644
Rectum,Female,2013-2017,50-54,11,25,610618,4.094212748395888
Rectum,Female,2013-2017,55-59,12,27,513842,5.254533494731843
Rectum,Female,2013-2017,60-64,13,38,439699,8.64227573863029
Rectum,Female,2013-2017,65-69,14,44,273122,16.11001676906291
Rectum,Female,2013-2017,70-74,15,35,193940,18.04681860369186
Rectum,Female,2013-2017,75-79,16,16,261372,6.12154324105107
Rectum,Male,2013-2017,0-4,1,0,1197333,0.0
Rectum,Male,2013-2017,5-9,2,0,1112778,0.0
Rectum,Male,2013-2017,10-14,3,0,1031264,0.0
Rectum,Male,2013-2017,15-19,4,4,1142065,0.3502427620144212
Rectum,Male,2013-2017,20-24,5,4,1686156,0.23722597434638312
Rectum,Male,2013-2017,25-29,6,13,1790878,0.7259009268079679
Rectum,Male,2013-2017,30-34,7,17,1506026,1.1287985731986034
Rectum,Male,2013-2017,35-39,8,25,1224909,2.040967941291965
Rectum,Male,2013-2017,40-44,9,22,964181,2.2817292603774604
Rectum,Male,2013-2017,45-49,10,31,760050,4.07867903427406
Rectum,Male,2013-2017,50-54,11,35,641815,5.453284825066413
Rectum,Male,2013-2017,55-59,12,59,536567,10.995830902757717
Rectum,Male,2013-2017,60-64,13,69,456396,15.11844976730734
Rectum,Male,2013-2017,65-69,14,61,299347,20.377688769221006
Rectum,Male,2013-2017,70-74,15,47,197559,23.790361360403725
Rectum,Male,2013-2017,75-79,16,25,237704,10.517281997778749
Stomach,Female,1993-1997,0-4,1,0,643220,0.0
Stomach,Female,1993-1997,5-9,2,0,725190,0.0
Stomach,Female,1993-1997,10-14,3,0,608940,0.0
Stomach,Female,1993-1997,15-19,4,1,598555,0.16706902456750006
Stomach,Female,1993-1997,20-24,5,0,704920,0.0
Stomach,Female,1993-1997,25-29,6,2,637700,0.31362709738121375
Stomach,Female,1993-1997,30-34,7,1,556745,0.17961544333581803
Stomach,Female,1993-1997,35-39,8,4,530755,0.7536433947866717
Stomach,Female,1993-1997,40-44,9,5,364390,1.3721562062625208
Stomach,Female,1993-1997,45-49,10,4,242000,1.6528925619834711
Stomach,Female,1993-1997,50-54,11,12,177085,6.776406810288844
Stomach,Female,1993-1997,55-59,12,16,147355,10.85813172271046
Stomach,Female,1993-1997,60-64,13,22,156375,14.068745003996804
Stomach,Female,1993-1997,65-69,14,13,91160,14.260640631856079
Stomach,Female,1993-1997,70-74,15,8,65790,12.159902720778232
Stomach,Female,1993-1997,75-79,16,13,33340,38.99220155968806
Stomach,Male,1993-1997,0-4,1,2,654595,0.3055324284481244
Stomach,Male,1993-1997,5-9,2,0,797660,0.0
Stomach,Male,1993-1997,10-14,3,0,615965,0.0
Stomach,Male,1993-1997,15-19,4,1,665315,0.15030474286616113
Stomach,Male,1993-1997,20-24,5,0,721845,0.0
Stomach,Male,1993-1997,25-29,6,1,658605,0.15183607777043903
Stomach,Male,1993-1997,30-34,7,8,603600,1.3253810470510272
Stomach,Male,1993-1997,35-39,8,9,576945,1.5599407222525545
Stomach,Male,1993-1997,40-44,9,19,483375,3.9306956296870963
Stomach,Male,1993-1997,45-49,10,15,355980,4.213719871902916
Stomach,Male,1993-1997,50-54,11,31,243975,12.706219899579876
Stomach,Male,1993-1997,55-59,12,25,145090,17.23068440278448
Stomach,Male,1993-1997,60-64,13,39,160220,24.341530395705902
Stomach,Male,1993-1997,65-69,14,40,86120,46.44681839294008
Stomach,Male,1993-1997,70-74,15,29,67385,43.036284039474666
Stomach,Male,1993-1997,75-79,16,17,29310,58.00068236096895
Stomach,Female,1998-2002,0-4,1,0,756655,0.0
Stomach,Female,1998-2002,5-9,2,1,778730,0.12841421288508212
Stomach,Female,1998-2002,10-14,3,0,870590,0.0
Stomach,Female,1998-2002,15-19,4,1,798260,0.12527246761706712
Stomach,Female,1998-2002,20-24,5,1,912800,0.10955302366345311
Stomach,Female,1998-2002,25-29,6,1,880815,0.1135312182467374
Stomach,Female,1998-2002,30-34,7,7,713015,0.9817465270716605
Stomach,Female,1998-2002,35-39,8,5,654240,0.7642455368060651
Stomach,Female,1998-2002,40-44,9,10,485225,2.0608995826678345
Stomach,Female,1998-2002,45-49,10,13,419695,3.097487461132489
Stomach,Female,1998-2002,50-54,11,21,311145,6.749264812225811
Stomach,Female,1998-2002,55-59,12,10,226335,4.418229615393113
Stomach,Female,1998-2002,60-64,13,13,209555,6.2036219608217404
Stomach,Female,1998-2002,65-69,14,16,168525,9.49414033526183
Stomach,Female,1998-2002,70-74,15,20,111500,17.937219730941703
Stomach,Female,1998-2002,75-79,16,18,56570,31.818985327912323
Stomach,Male,1998-2002,0-4,1,2,837385,0.2388387659200965
Stomach,Male,1998-2002,5-9,2,0,846900,0.0
Stomach,Male,1998-2002,10-14,3,0,946070,0.0
Stomach,Male,1998-2002,15-19,4,0,950555,0.0
Stomach,Male,1998-2002,20-24,5,3,1059265,0.28321524830896894
Stomach,Male,1998-2002,25-29,6,4,954795,0.4189380966594924
Stomach,Male,1998-2002,30-34,7,8,813295,0.9836529180678598
Stomach,Male,1998-2002,35-39,8,6,689670,0.8699812954021487
Stomach,Male,1998-2002,40-44,9,17,589150,2.885513027242638
Stomach,Male,1998-2002,45-49,10,19,463275,4.101235767092979
Stomach,Male,1998-2002,50-54,11,41,379430,10.805682207521809
Stomach,Male,1998-2002,55-59,12,27,247215,10.921667374552516
Stomach,Male,1998-2002,60-64,13,34,205510,16.544207094545275
Stomach,Male,1998-2002,65-69,14,43,147085,29.234796206275284
Stomach,Male,1998-2002,70-74,15,21,104545,20.08704385671242
Stomach,Male,1998-2002,75-79,16,27,54630,49.423393739703464
Stomach,Female,2003-2007,0-4,1,0,841379,0.0
Stomach,Female,2003-2007,5-9,2,0,842661,0.0
Stomach,Female,2003-2007,10-14,3,0,1005738,0.0
Stomach,Female,2003-2007,15-19,4,1,930824,0.10743169492836455
Stomach,Female,2003-2007,20-24,5,0,1062940,0.0
Stomach,Female,2003-2007,25-29,6,0,1034593,0.0
Stomach,Female,2003-2007,30-34,7,4,842246,0.47492062888989683
Stomach,Female,2003-2007,35-39,8,5,773050,0.6467886941336266
Stomach,Female,2003-2007,40-44,9,5,579958,0.8621313957217592
Stomach,Female,2003-2007,45-49,10,8,513620,1.557571745648534
Stomach,Female,2003-2007,50-54,11,13,377656,3.442286101637469
Stomach,Female,2003-2007,55-59,12,14,269642,5.19206948472419
Stomach,Female,2003-2007,60-64,13,13,244715,5.312302065668226
Stomach,Female,2003-2007,65-69,14,22,210595,10.446591799425438
Stomach,Female,2003-2007,70-74,15,16,136640,11.7096018735363
Stomach,Female,2003-2007,75-79,16,12,141402,8.48644290745534
Stomach,Male,2003-2007,0-4,1,0,951909,0.0
Stomach,Male,2003-2007,5-9,2,0,912393,0.0
Stomach,Male,2003-2007,10-14,3,0,1103733,0.0
Stomach,Male,2003-2007,15-19,4,0,1124183,0.0
Stomach,Male,2003-2007,20-24,5,0,1258508,0.0
Stomach,Male,2003-2007,25-29,6,2,1130162,0.17696578012709682
Stomach,Male,2003-2007,30-34,7,8,953709,0.8388302930977898
Stomach,Male,2003-2007,35-39,8,7,799027,0.8760655146822321
Stomach,Male,2003-2007,40-44,9,10,690338,1.4485657750261467
Stomach,Male,2003-2007,45-49,10,15,548984,2.732320067615814
Stomach,Male,2003-2007,50-54,11,29,458670,6.322628469269846
Stomach,Male,2003-2007,55-59,12,37,295689,12.513147259451653
Stomach,Male,2003-2007,60-64,13,46,236778,19.427480593636233
Stomach,Male,2003-2007,65-69,14,40,178871,22.362484695674535
Stomach,Male,2003-2007,70-74,15,38,125967,30.16663094302476
Stomach,Male,2003-2007,75-79,16,29,130948,22.146195436356418
Stomach,Female,2008-2011,0-4,1,0,829911,0.0
Stomach,Female,2008-2011,5-9,2,0,761063,0.0
Stomach,Female,2008-2011,10-14,3,0,1094154,0.0
Stomach,Female,2008-2011,15-19,4,0,1006524,0.0
Stomach,Female,2008-2011,20-24,5,1,1128163,0.08863967352235448
Stomach,Female,2008-2011,25-29,6,5,1115926,0.44805838379964263
Stomach,Female,2008-2011,30-34,7,6,901495,0.6655610957354172
Stomach,Female,2008-2011,35-39,8,8,804982,0.9938110417375793
Stomach,Female,2008-2011,40-44,9,3,637887,0.470302733869792
Stomach,Female,2008-2011,45-49,10,5,618364,0.8085852345867484
Stomach,Female,2008-2011,50-54,11,13,452736,2.8714305908962396
Stomach,Female,2008-2011,55-59,12,18,301253,5.975044231924661
Stomach,Female,2008-2011,60-64,13,20,259687,7.701579208816767
Stomach,Female,2008-2011,65-69,14,17,256286,6.633214455725244
Stomach,Female,2008-2011,70-74,15,17,160934,10.563336523046715
Stomach,Female,2008-2011,75-79,16,9,186746,4.819380334786287
Stomach,Male,2008-2011,0-4,1,0,998887,0.0
Stomach,Male,2008-2011,5-9,2,0,807911,0.0
Stomach,Male,2008-2011,10-14,3,0,1245851,0.0
Stomach,Male,2008-2011,15-19,4,0,1270231,0.0
Stomach,Male,2008-2011,20-24,5,1,1437551,0.0695627494259334
Stomach,Male,2008-2011,25-29,6,4,1271128,0.3146811336073157
Stomach,Male,2008-2011,30-34,7,9,1026110,0.8770989465067098
Stomach,Male,2008-2011,35-39,8,7,810974,0.8631596080762145
Stomach,Male,2008-2011,40-44,9,18,720791,2.497256486276882
Stomach,Male,2008-2011,45-49,10,14,596503,2.3470125045473367
Stomach,Male,2008-2011,50-54,11,27,537176,5.026285612164355
Stomach,Male,2008-2011,55-59,12,28,345999,8.092508937887104
Stomach,Male,2008-2011,60-64,13,31,243451,12.733568562051502
Stomach,Male,2008-2011,65-69,14,39,210311,18.543965841063947
Stomach,Male,2008-2011,70-74,15,23,131185,17.532492281891983
Stomach,Male,2008-2011,75-79,16,21,172552,12.170244332143353
Stomach,Female,2013-2017,0-4,1,1,1074305,0.09308343533726456
Stomach,Female,2013-2017,5-9,2,0,963313,0.0
Stomach,Female,2013-2017,10-14,3,0,907697,0.0
Stomach,Female,2013-2017,15-19,4,2,996311,0.20074053182189094
Stomach,Female,2013-2017,20-24,5,1,1541215,0.06488387408635395
Stomach,Female,2013-2017,25-29,6,5,1650504,0.30293776931167693
Stomach,Female,2013-2017,30-34,7,5,1297818,0.3852620321185251
Stomach,Female,2013-2017,35-39,8,8,1062421,0.752997164024431
Stomach,Female,2013-2017,40-44,9,8,877902,0.9112634439834969
Stomach,Female,2013-2017,45-49,10,15,736162,2.0375949858862588
Stomach,Female,2013-2017,50-54,11,22,610618,3.602907218588381
Stomach,Female,2013-2017,55-59,12,18,513842,3.503022329821229
Stomach,Female,2013-2017,60-64,13,33,439699,7.5051341940736735
Stomach,Female,2013-2017,65-69,14,27,273122,9.885692108288604
Stomach,Female,2013-2017,70-74,15,17,193940,8.765597607507477
Stomach,Female,2013-2017,75-79,16,20,261372,7.651929051313836
Stomach,Male,2013-2017,0-4,1,0,1197333,0.0
Stomach,Male,2013-2017,5-9,2,1,1112778,0.08986518425058727
Stomach,Male,2013-2017,10-14,3,2,1031264,0.1939367611009402
Stomach,Male,2013-2017,15-19,4,1,1142065,0.0875606905036053
Stomach,Male,2013-2017,20-24,5,3,1686156,0.17791948075978736
Stomach,Male,2013-2017,25-29,6,5,1790878,0.27919266415691074
Stomach,Male,2013-2017,30-34,7,8,1506026,0.5311993285640487
Stomach,Male,2013-2017,35-39,8,12,1224909,0.9796646118201433
Stomach,Male,2013-2017,40-44,9,17,964181,1.763154428473492
Stomach,Male,2013-2017,45-49,10,24,760050,3.157686994276692
Stomach,Male,2013-2017,50-54,11,39,641815,6.076517376502575
Stomach,Male,2013-2017,55-59,12,54,536567,10.063980826252825
Stomach,Male,2013-2017,60-64,13,55,456396,12.050938220317443
Stomach,Male,2013-2017,65-69,14,67,299347,22.382051598980446
Stomach,Male,2013-2017,70-74,15,49,197559,24.802717162974098
Stomach,Male,2013-2017,75-79,16,35,237704,14.72419479689025
Tongue,Female,1993-1997,0-4,1,0,643220,0.0
Tongue,Female,1993-1997,5-9,2,0,725190,0.0
Tongue,Female,1993-1997,10-14,3,0,608940,0.0
Tongue,Female,1993-1997,15-19,4,0,598555,0.0
Tongue,Female,1993-1997,20-24,5,0,704920,0.0
Tongue,Female,1993-1997,25-29,6,0,637700,0.0
Tongue,Female,1993-1997,30-34,7,4,556745,0.7184617733432721
Tongue,Female,1993-1997,35-39,8,3,530755,0.5652325460900038
Tongue,Female,1993-1997,40-44,9,6,364390,1.646587447515025
Tongue,Female,1993-1997,45-49,10,11,242000,4.545454545454545
Tongue,Female,1993-1997,50-54,11,8,177085,4.517604540192563
Tongue,Female,1993-1997,55-59,12,6,147355,4.071799396016423
Tongue,Female,1993-1997,60-64,13,14,156375,8.952837729816146
Tongue,Female,1993-1997,65-69,14,11,91160,12.066695919262834
Tongue,Female,1993-1997,70-74,15,4,65790,6.079951360389116
Tongue,Female,1993-1997,75-79,16,1,33340,2.9994001199760048
Tongue,Male,1993-1997,0-4,1,0,654595,0.0
Tongue,Male,1993-1997,5-9,2,0,797660,0.0
Tongue,Male,1993-1997,10-14,3,0,615965,0.0
Tongue,Male,1993-1997,15-19,4,1,665315,0.15030474286616113
Tongue,Male,1993-1997,20-24,5,1,721845,0.1385338957809502
Tongue,Male,1993-1997,25-29,6,3,658605,0.4555082333113171
Tongue,Male,1993-1997,30-34,7,5,603600,0.8283631544068919
Tongue,Male,1993-1997,35-39,8,5,576945,0.8666337345847525
Tongue,Male,1993-1997,40-44,9,14,483375,2.8963020429273336
Tongue,Male,1993-1997,45-49,10,21,355980,5.899207820664082
Tongue,Male,1993-1997,50-54,11,21,243975,8.607439286812173
Tongue,Male,1993-1997,55-59,12,20,145090,13.784547522227584
Tongue,Male,1993-1997,60-64,13,22,160220,13.731119710398202
Tongue,Male,1993-1997,65-69,14,17,86120,19.739897816999537
Tongue,Male,1993-1997,70-74,15,11,67385,16.324107739111078
Tongue,Male,1993-1997,75-79,16,8,29310,27.294438758103038
Tongue,Female,1998-2002,0-4,1,0,756655,0.0
Tongue,Female,1998-2002,5-9,2,0,778730,0.0
Tongue,Female,1998-2002,10-14,3,1,870590,0.11486463203115128
Tongue,Female,1998-2002,15-19,4,0,798260,0.0
Tongue,Female,1998-2002,20-24,5,1,912800,0.10955302366345311
Tongue,Female,1998-2002,25-29,6,6,880815,0.6811873094804244
Tongue,Female,1998-2002,30-34,7,7,713015,0.9817465270716605
Tongue,Female,1998-2002,35-39,8,4,654240,0.6113964294448521
Tongue,Female,1998-2002,40-44,9,8,485225,1.6487196661342678
Tongue,Female,1998-2002,45-49,10,12,419695,2.859219194891528
Tongue,Female,1998-2002,50-54,11,27,311145,8.677626187147471
Tongue,Female,1998-2002,55-59,12,9,226335,3.9764066538538008
Tongue,Female,1998-2002,60-64,13,22,209555,10.498437164467562
Tongue,Female,1998-2002,65-69,14,13,168525,7.713989022400238
Tongue,Female,1998-2002,70-74,15,7,111500,6.278026905829597
Tongue,Female,1998-2002,75-79,16,4,56570,7.070885628424961
Tongue,Male,1998-2002,0-4,1,0,837385,0.0
Tongue,Male,1998-2002,5-9,2,0,846900,0.0
Tongue,Male,1998-2002,10-14,3,0,946070,0.0
Tongue,Male,1998-2002,15-19,4,0,950555,0.0
Tongue,Male,1998-2002,20-24,5,3,1059265,0.28321524830896894
Tongue,Male,1998-2002,25-29,6,3,954795,0.3142035724946193
Tongue,Male,1998-2002,30-34,7,8,813295,0.9836529180678598
Tongue,Male,1998-2002,35-39,8,3,689670,0.4349906477010744
Tongue,Male,1998-2002,40-44,9,22,589150,3.734193329372825
Tongue,Male,1998-2002,45-49,10,23,463275,4.96465382332308
Tongue,Male,1998-2002,50-54,11,23,379430,6.0617241651951606
Tongue,Male,1998-2002,55-59,12,22,247215,8.899136379265013
Tongue,Male,1998-2002,60-64,13,29,205510,14.111235462994502
Tongue,Male,1998-2002,65-69,14,24,147085,16.317095556990854
Tongue,Male,1998-2002,70-74,15,21,104545,20.08704385671242
Tongue,Male,1998-2002,75-79,16,13,54630,23.796448837634998
Tongue,Female,2003-2007,0-4,1,0,841379,0.0
Tongue,Female,2003-2007,5-9,2,0,842661,0.0
Tongue,Female,2003-2007,10-14,3,0,1005738,0.0
Tongue,Female,2003-2007,15-19,4,0,930824,0.0
Tongue,Female,2003-2007,20-24,5,1,1062940,0.0940786874141532
Tongue,Female,2003-2007,25-29,6,1,1034593,0.09665636631989585
Tongue,Female,2003-2007,30-34,7,8,842246,0.9498412577797937
Tongue,Female,2003-2007,35-39,8,7,773050,0.9055041717870771
Tongue,Female,2003-2007,40-44,9,10,579958,1.7242627914435185
Tongue,Female,2003-2007,45-49,10,12,513620,2.336357618472801
Tongue,Female,2003-2007,50-54,11,22,377656,5.8254072489249475
Tongue,Female,2003-2007,55-59,12,16,269642,5.933793696827646
Tongue,Female,2003-2007,60-64,13,18,244715,7.355495167848313
Tongue,Female,2003-2007,65-69,14,16,210595,7.597521308673046
Tongue,Female,2003-2007,70-74,15,10,136640,7.318501170960188
Tongue,Female,2003-2007,75-79,16,3,141402,2.121610726863835
Tongue,Male,2003-2007,0-4,1,0,951909,0.0
Tongue,Male,2003-2007,5-9,2,1,912393,0.10960189304389666
Tongue,Male,2003-2007,10-14,3,0,1103733,0.0
Tongue,Male,2003-2007,15-19,4,1,1124183,0.08895348888926446
Tongue,Male,2003-2007,20-24,5,2,1258508,0.1589183382227209
Tongue,Male,2003-2007,25-29,6,9,1130162,0.7963460105719358
Tongue,Male,2003-2007,30-34,7,19,953709,1.9922219461072508
Tongue,Male,2003-2007,35-39,8,15,799027,1.8772832457476405
Tongue,Male,2003-2007,40-44,9,18,690338,2.607418395047064
Tongue,Male,2003-2007,45-49,10,23,548984,4.189557437010915
Tongue,Male,2003-2007,50-54,11,31,458670,6.75867181197811
Tongue,Male,2003-2007,55-59,12,35,295689,11.836760921102917
Tongue,Male,2003-2007,60-64,13,30,236778,12.670096039327978
Tongue,Male,2003-2007,65-69,14,26,178871,14.535615052188447
Tongue,Male,2003-2007,70-74,15,14,125967,11.114021926377543
Tongue,Male,2003-2007,75-79,16,6,130948,4.581971469590982
Tongue,Female,2008-2011,0-4,1,0,829911,0.0
Tongue,Female,2008-2011,5-9,2,0,761063,0.0
Tongue,Female,2008-2011,10-14,3,0,1094154,0.0
Tongue,Female,2008-2011,15-19,4,0,1006524,0.0
Tongue,Female,2008-2011,20-24,5,1,1128163,0.08863967352235448
Tongue,Female,2008-2011,25-29,6,6,1115926,0.5376700605595711
Tongue,Female,2008-2011,30-34,7,6,901495,0.6655610957354172
Tongue,Female,2008-2011,35-39,8,8,804982,0.9938110417375793
Tongue,Female,2008-2011,40-44,9,11,637887,1.7244433575225706
Tongue,Female,2008-2011,45-49,10,16,618364,2.5874727506775943
Tongue,Female,2008-2011,50-54,11,16,452736,3.5340684195646026
Tongue,Female,2008-2011,55-59,12,19,301253,6.306991133698254
Tongue,Female,2008-2011,60-64,13,9,259687,3.4657106439675456
Tongue,Female,2008-2011,65-69,14,9,256286,3.5117017706780707
Tongue,Female,2008-2011,70-74,15,9,160934,5.592354629848261
Tongue,Female,2008-2011,75-79,16,4,186746,2.1419468154605723
Tongue,Male,2008-2011,0-4,1,0,998887,0.0
Tongue,Male,2008-2011,5-9,2,0,807911,0.0
Tongue,Male,2008-2011,10-14,3,0,1245851,0.0
Tongue,Male,2008-2011,15-19,4,0,1270231,0.0
Tongue,Male,2008-2011,20-24,5,2,1437551,0.1391254988518668
Tongue,Male,2008-2011,25-29,6,8,1271128,0.6293622672146314
Tongue,Male,2008-2011,30-34,7,24,1026110,2.3389305240178926
Tongue,Male,2008-2011,35-39,8,32,810974,3.9458724940626952
Tongue,Male,2008-2011,40-44,9,45,720791,6.243141215692205
Tongue,Male,2008-2011,45-49,10,25,596503,4.191093758120244
Tongue,Male,2008-2011,50-54,11,29,537176,5.398603064917271
Tongue,Male,2008-2011,55-59,12,42,345999,12.138763406830657
Tongue,Male,2008-2011,60-64,13,37,243451,15.19813021922276
Tongue,Male,2008-2011,65-69,14,27,210311,12.838130197659657
Tongue,Male,2008-2011,70-74,15,20,131185,15.24564546251477
Tongue,Male,2008-2011,75-79,16,15,172552,8.693031665816681
Tongue,Female,2013-2017,0-4,1,0,1074305,0.0
Tongue,Female,2013-2017,5-9,2,0,963313,0.0
Tongue,Female,2013-2017,10-14,3,0,907697,0.0
Tongue,Female,2013-2017,15-19,4,0,996311,0.0
Tongue,Female,2013-2017,20-24,5,2,1541215,0.1297677481727079
Tongue,Female,2013-2017,25-29,6,1,1650504,0.060587553862335386
Tongue,Female,2013-2017,30-34,7,7,1297818,0.5393668449659351
Tongue,Female,2013-2017,35-39,8,10,1062421,0.9412464550305388
Tongue,Female,2013-2017,40-44,9,18,877902,2.0503427489628683
Tongue,Female,2013-2017,45-49,10,27,736162,3.6676709745952656
Tongue,Female,2013-2017,50-54,11,43,610618,7.042045927240927
Tongue,Female,2013-2017,55-59,12,27,513842,5.254533494731843
Tongue,Female,2013-2017,60-64,13,24,439699,5.458279413871762
Tongue,Female,2013-2017,65-69,14,28,273122,10.251828853040033
Tongue,Female,2013-2017,70-74,15,16,193940,8.249974218830566
Tongue,Female,2013-2017,75-79,16,12,261372,4.591157430788302
Tongue,Male,2013-2017,0-4,1,0,1197333,0.0
Tongue,Male,2013-2017,5-9,2,0,1112778,0.0
Tongue,Male,2013-2017,10-14,3,0,1031264,0.0
Tongue,Male,2013-2017,15-19,4,0,1142065,0.0
Tongue,Male,2013-2017,20-24,5,1,1686156,0.05930649358659578
Tongue,Male,2013-2017,25-29,6,8,1790878,0.44670826265105723
Tongue,Male,2013-2017,30-34,7,28,1506026,1.8591976499741705
Tongue,Male,2013-2017,35-39,8,59,1224909,4.816684341449038
Tongue,Male,2013-2017,40-44,9,86,964181,8.919487108748255
Tongue,Male,2013-2017,45-49,10,89,760050,11.709755937109401
Tongue,Male,2013-2017,50-54,11,71,641815,11.062377787991867
Tongue,Male,2013-2017,55-59,12,67,536567,12.486791025165543
Tongue,Male,2013-2017,60-64,13,56,456396,12.27004618795958
Tongue,Male,2013-2017,65-69,14,46,299347,15.366781694822397
Tongue,Male,2013-2017,70-74,15,30,197559,15.185337038555572
Tongue,Male,2013-2017,75-79,16,20,237704,8.413825598223
